ageb,total_viviendas,viviendas_caracteristicas,total_vivienda_por_tipo,proporcion_vivienda_por_tipo
1403900010026,496,494,"{'casas_unicas': 345.9129593934361, 'casas_compartidas_duplex': 81.79906448135674, 'departamentos': 63.061159020335026, 'otras_viviendas': 5.226953946458704}","{'casas_unicas': 0.6974051600674115, 'casas_compartidas_duplex': 0.16491746871241278, 'departamentos': 0.12713943350873996, 'otras_viviendas': 0.010538213601731258}"
1403900010030,1407,1407,"{'casas_unicas': 996.8417785073715, 'casas_compartidas_duplex': 236.02127186253725, 'departamentos': 167.22960067613604, 'otras_viviendas': 6.908300863106152}","{'casas_unicas': 0.7084874047671439, 'casas_compartidas_duplex': 0.16774788334224397, 'departamentos': 0.11885543758076478, 'otras_viviendas': 0.0049099508621934275}"
140390001005A,557,557,"{'casas_unicas': 390.8163250821782, 'casas_compartidas_duplex': 95.01475766600561, 'departamentos': 69.37639602445194, 'otras_viviendas': 1.785025540236672}","{'casas_unicas': 0.7016451078674654, 'casas_compartidas_duplex': 0.1705830478743368, 'departamentos': 0.12455367329345052, 'otras_viviendas': 0.0032047137167624273}"
1403900010064,875,875,"{'casas_unicas': 633.7054348759743, 'casas_compartidas_duplex': 136.1954548915438, 'departamentos': 99.18449403538018, 'otras_viviendas': 5.906228572688796}","{'casas_unicas': 0.7242347827153992, 'casas_compartidas_duplex': 0.15565194844747862, 'departamentos': 0.11335370746900593, 'otras_viviendas': 0.006749975511644339}"
1403900010115,1058,1058,"{'casas_unicas': 746.4634886028541, 'casas_compartidas_duplex': 175.53876305756427, 'departamentos': 128.10432073519235, 'otras_viviendas': 7.886790896846998}","{'casas_unicas': 0.7055420497191438, 'casas_compartidas_duplex': 0.16591565506386036, 'departamentos': 0.12108158859659011, 'otras_viviendas': 0.007454433739931}"
1403900010149,1065,1064,"{'casas_unicas': 757.482197855688, 'casas_compartidas_duplex': 169.9674978308425, 'departamentos': 127.52170515548654, 'otras_viviendas': 10.019247289559752}","{'casas_unicas': 0.7112508900053408, 'casas_compartidas_duplex': 0.1595938946768474, 'departamentos': 0.11973869028684182, 'otras_viviendas': 0.009407743933858922}"
1403900010153,1309,1308,"{'casas_unicas': 924.4307283864573, 'casas_compartidas_duplex': 218.42579716470814, 'departamentos': 158.80895930246075, 'otras_viviendas': 7.333275649132014}","{'casas_unicas': 0.7062114044205174, 'casas_compartidas_duplex': 0.16686462732216054, 'departamentos': 0.12132082452441616, 'otras_viviendas': 0.005602196828977856}"
1403900010204,689,688,"{'casas_unicas': 457.9581494920435, 'casas_compartidas_duplex': 130.94404859102258, 'departamentos': 88.24419651499358, 'otras_viviendas': 11.862078729368434}","{'casas_unicas': 0.6646707539797438, 'casas_compartidas_duplex': 0.19004941740351608, 'departamentos': 0.12807575691581072, 'otras_viviendas': 0.017216369708807598}"
1403900010238,1231,1229,"{'casas_unicas': 808.6380171811437, 'casas_compartidas_duplex': 239.6546925302626, 'departamentos': 157.45982942524734, 'otras_viviendas': 25.28243626571943}","{'casas_unicas': 0.656895221105722, 'casas_compartidas_duplex': 0.19468293463059513, 'departamentos': 0.1279121278840352, 'otras_viviendas': 0.020538128566790763}"
1403900010276,1791,1790,"{'casas_unicas': 1195.0855991204098, 'casas_compartidas_duplex': 339.1923509052278, 'departamentos': 232.79023472841934, 'otras_viviendas': 23.93251402000921}","{'casas_unicas': 0.667272807995762, 'casas_compartidas_duplex': 0.18938713060035053, 'departamentos': 0.12997779716829666, 'otras_viviendas': 0.013362654394198332}"
1403900010280,972,970,"{'casas_unicas': 669.3579239222639, 'casas_compartidas_duplex': 170.60511644398278, 'departamentos': 120.85492731601488, 'otras_viviendas': 11.158353770969391}","{'casas_unicas': 0.6886398394261974, 'casas_compartidas_duplex': 0.17551966712343908, 'departamentos': 0.12433634497532395, 'otras_viviendas': 0.011479787830215422}"
1403900010295,1040,1039,"{'casas_unicas': 751.8317317453037, 'casas_compartidas_duplex': 160.1048669495205, 'departamentos': 120.24140132976515, 'otras_viviendas': 7.828894282780813}","{'casas_unicas': 0.7229151266781767, 'casas_compartidas_duplex': 0.15394698745146201, 'departamentos': 0.11561673204785111, 'otras_viviendas': 0.0075277829642123205}"
1403900010346,1014,1011,"{'casas_unicas': 658.4995040210022, 'casas_compartidas_duplex': 193.485580592761, 'departamentos': 138.39125710197968, 'otras_viviendas': 23.646018299560765}","{'casas_unicas': 0.6494077948925071, 'casas_compartidas_duplex': 0.19081418204414302, 'departamentos': 0.13648052968637048, 'otras_viviendas': 0.023319544674123043}"
1403900010365,759,759,"{'casas_unicas': 553.2008264530336, 'casas_compartidas_duplex': 114.37936542037569, 'departamentos': 88.14236773970913, 'otras_viviendas': 3.275309886832943}","{'casas_unicas': 0.7288548438116386, 'casas_compartidas_duplex': 0.15069745114674005, 'departamentos': 0.11612960176509766, 'otras_viviendas': 0.00431529629358754}"
1403900010399,1159,1158,"{'casas_unicas': 808.7866450418303, 'casas_compartidas_duplex': 196.1521688204346, 'departamentos': 144.68118025798756, 'otras_viviendas': 9.380090477010686}","{'casas_unicas': 0.6978314452474809, 'casas_compartidas_duplex': 0.1692425960486925, 'departamentos': 0.12483276985158548, 'otras_viviendas': 0.008093261843840108}"
1403900010435,2181,2180,"{'casas_unicas': 1492.9501207702774, 'casas_compartidas_duplex': 384.367743851205, 'departamentos': 284.1614955462452, 'otras_viviendas': 19.557761788441525}","{'casas_unicas': 0.6845255024164499, 'casas_compartidas_duplex': 0.1762346372541059, 'departamentos': 0.13028954403770984, 'otras_viviendas': 0.00896733690437484}"
1403900010454,1976,1975,"{'casas_unicas': 1343.800919406383, 'casas_compartidas_duplex': 357.6187658445229, 'departamentos': 254.0987980064042, 'otras_viviendas': 20.48303893388098}","{'casas_unicas': 0.6800611940315703, 'casas_compartidas_duplex': 0.18098115680390836, 'departamentos': 0.12859250911255274, 'otras_viviendas': 0.010365910391640172}"
1403900010469,1672,1671,"{'casas_unicas': 1130.2396447946592, 'casas_compartidas_duplex': 299.4163798069385, 'departamentos': 215.16443363297958, 'otras_viviendas': 27.220190116511947}","{'casas_unicas': 0.6759806488006335, 'casas_compartidas_duplex': 0.1790767821811833, 'departamentos': 0.12868686222068157, 'otras_viviendas': 0.016280018012267913}"
1403900010473,1671,1671,"{'casas_unicas': 1099.8240774193375, 'casas_compartidas_duplex': 324.17029872984, 'departamentos': 222.42308362666637, 'otras_viviendas': 24.582989155052374}","{'casas_unicas': 0.6581831702090589, 'casas_compartidas_duplex': 0.19399778499691203, 'departamentos': 0.13310776997406726, 'otras_viviendas': 0.014711543479983467}"
1403900010505,1661,1661,"{'casas_unicas': 1176.690298166063, 'casas_compartidas_duplex': 276.74581791465886, 'departamentos': 195.79549581309212, 'otras_viviendas': 11.725906189224258}","{'casas_unicas': 0.7084228164756551, 'casas_compartidas_duplex': 0.16661397827493007, 'departamentos': 0.11787808296995311, 'otras_viviendas': 0.007059546170514303}"
1403900010524,1498,1496,"{'casas_unicas': 995.0154004424819, 'casas_compartidas_duplex': 289.67979958462405, 'departamentos': 193.9880577633264, 'otras_viviendas': 19.30297616957225}","{'casas_unicas': 0.6642292392806955, 'casas_compartidas_duplex': 0.19337770332751938, 'departamentos': 0.12949803589007103, 'otras_viviendas': 0.012885831888900034}"
1403900010539,1109,1108,"{'casas_unicas': 741.2822702844669, 'casas_compartidas_duplex': 209.46620691170645, 'departamentos': 145.84205728756874, 'otras_viviendas': 12.413052660309694}","{'casas_unicas': 0.6684240489490234, 'casas_compartidas_duplex': 0.1888784552855784, 'departamentos': 0.13150771621962914, 'otras_viviendas': 0.01119301412110883}"
1403900010562,1412,1412,"{'casas_unicas': 996.7214364458046, 'casas_compartidas_duplex': 230.2663931343127, 'departamentos': 177.0566374209834, 'otras_viviendas': 7.950833138516761}","{'casas_unicas': 0.7058933685876803, 'casas_compartidas_duplex': 0.16307818210645375, 'departamentos': 0.1253942191366738, 'otras_viviendas': 0.005630901656173344}"
1403900010577,555,554,"{'casas_unicas': 381.6872640962942, 'casas_compartidas_duplex': 94.94978039281808, 'departamentos': 71.17424309422695, 'otras_viviendas': 7.190260694409294}","{'casas_unicas': 0.687724800173503, 'casas_compartidas_duplex': 0.17108068539246502, 'departamentos': 0.12824187944905757, 'otras_viviendas': 0.01295542467461134}"
1403900010596,671,671,"{'casas_unicas': 481.9802813474092, 'casas_compartidas_duplex': 103.83687439687618, 'departamentos': 80.95804386321747, 'otras_viviendas': 4.221757759891912}","{'casas_unicas': 0.7183014625147678, 'casas_compartidas_duplex': 0.1547494402337946, 'departamentos': 0.1206528224489083, 'otras_viviendas': 0.006291740327707768}"
1403900010609,730,729,"{'casas_unicas': 504.29434880362084, 'casas_compartidas_duplex': 127.95343554309487, 'departamentos': 87.38719411021829, 'otras_viviendas': 10.36697482378848}","{'casas_unicas': 0.6908141764433162, 'casas_compartidas_duplex': 0.17527867882615736, 'departamentos': 0.11970848508249081, 'otras_viviendas': 0.014201335375052712}"
1403900010632,1186,1185,"{'casas_unicas': 814.8217677238722, 'casas_compartidas_duplex': 198.5001618499388, 'departamentos': 160.77492459503878, 'otras_viviendas': 11.877333108144184}","{'casas_unicas': 0.6870335309644791, 'casas_compartidas_duplex': 0.167369445067402, 'departamentos': 0.13556064468384382, 'otras_viviendas': 0.01001461476234754}"
1403900010651,1229,1226,"{'casas_unicas': 832.1854829950091, 'casas_compartidas_duplex': 226.17349540443857, 'departamentos': 155.80024378624177, 'otras_viviendas': 14.84898533592513}","{'casas_unicas': 0.6771240707851987, 'casas_compartidas_duplex': 0.18403050887261072, 'departamentos': 0.1267699298504815, 'otras_viviendas': 0.01208216870294966}"
1403900010666,1722,1721,"{'casas_unicas': 1185.3321319316203, 'casas_compartidas_duplex': 306.5633934866556, 'departamentos': 213.6960719677539, 'otras_viviendas': 16.38686295839457}","{'casas_unicas': 0.6883461857907203, 'casas_compartidas_duplex': 0.17802752234997424, 'departamentos': 0.1240976027687305, 'otras_viviendas': 0.009516180579787788}"
140390001069A,628,628,"{'casas_unicas': 432.46401198112807, 'casas_compartidas_duplex': 111.1080276267793, 'departamentos': 80.01101871899313, 'otras_viviendas': 4.422232414970793}","{'casas_unicas': 0.6886369617533886, 'casas_compartidas_duplex': 0.17692361087066769, 'departamentos': 0.1274060807627279, 'otras_viviendas': 0.00704177136141846}"
1403900010702,558,558,"{'casas_unicas': 375.65006632464184, 'casas_compartidas_duplex': 103.19734254616961, 'departamentos': 72.16927171211665, 'otras_viviendas': 6.9588769560850805}","{'casas_unicas': 0.6732080041660248, 'casas_compartidas_duplex': 0.18494147409707815, 'departamentos': 0.12933561238730584, 'otras_viviendas': 0.012471105656066453}"
1403900010736,745,745,"{'casas_unicas': 511.82898713468654, 'casas_compartidas_duplex': 132.8803433892408, 'departamentos': 92.74648260858994, 'otras_viviendas': 7.527399734639262}","{'casas_unicas': 0.6870187746774316, 'casas_compartidas_duplex': 0.178362877032538, 'departamentos': 0.12449192296455026, 'otras_viviendas': 0.010103892261260754}"
1403900010755,956,953,"{'casas_unicas': 666.6871085003872, 'casas_compartidas_duplex': 158.40861288640622, 'departamentos': 122.28338927645758, 'otras_viviendas': 8.628414938240784}","{'casas_unicas': 0.6973714524062627, 'casas_compartidas_duplex': 0.16569938586444166, 'departamentos': 0.12791149505905605, 'otras_viviendas': 0.00902553863832718}"
1403900010774,939,936,"{'casas_unicas': 651.1438297039132, 'casas_compartidas_duplex': 161.74776508495225, 'departamentos': 115.46530419157682, 'otras_viviendas': 10.63666009478678}","{'casas_unicas': 0.6934439080978841, 'casas_compartidas_duplex': 0.17225534087854338, 'departamentos': 0.12296624514544922, 'otras_viviendas': 0.011327646533319255}"
1403900010789,1426,1424,"{'casas_unicas': 955.4009529684979, 'casas_compartidas_duplex': 268.92694715590085, 'departamentos': 180.9961758659346, 'otras_viviendas': 20.714404919450633}","{'casas_unicas': 0.6699866430354122, 'casas_compartidas_duplex': 0.18858832198871028, 'departamentos': 0.12692578952730335, 'otras_viviendas': 0.014526230658801285}"
1403900010806,1516,1514,"{'casas_unicas': 1019.4204851106666, 'casas_compartidas_duplex': 284.32638839193066, 'departamentos': 191.84228223256787, 'otras_viviendas': 20.39725723830528}","{'casas_unicas': 0.672440953239226, 'casas_compartidas_duplex': 0.1875503881213263, 'departamentos': 0.1265450410505065, 'otras_viviendas': 0.013454655170386067}"
1403900010825,1060,1058,"{'casas_unicas': 709.3126035746733, 'casas_compartidas_duplex': 188.87879320457952, 'departamentos': 141.51591672322945, 'otras_viviendas': 20.28140574777177}","{'casas_unicas': 0.6691628335610126, 'casas_compartidas_duplex': 0.17818754075903728, 'departamentos': 0.13350558181436742, 'otras_viviendas': 0.019133401648841294}"
140390001083A,1526,1523,"{'casas_unicas': 1054.1880622282738, 'casas_compartidas_duplex': 265.0091977554427, 'departamentos': 187.0585973685468, 'otras_viviendas': 19.736583046275523}","{'casas_unicas': 0.6908178651561427, 'casas_compartidas_duplex': 0.17366264597342249, 'departamentos': 0.12258099434373972, 'otras_viviendas': 0.012933540659420395}"
1403900010859,1141,1141,"{'casas_unicas': 746.182816267092, 'casas_compartidas_duplex': 226.07197979773773, 'departamentos': 154.8934454685239, 'otras_viviendas': 13.868773317549532}","{'casas_unicas': 0.6539726698221665, 'casas_compartidas_duplex': 0.19813495161940203, 'departamentos': 0.13575236237381588, 'otras_viviendas': 0.012154928411524569}"
1403900010882,1268,1267,"{'casas_unicas': 843.0443674174451, 'casas_compartidas_duplex': 237.0801256687551, 'departamentos': 166.91348698872554, 'otras_viviendas': 20.938568238099762}","{'casas_unicas': 0.6648614884995624, 'casas_compartidas_duplex': 0.1869717079406586, 'departamentos': 0.13163524210467314, 'otras_viviendas': 0.01651306643383262}"
1403900010897,1945,1944,"{'casas_unicas': 1323.8284463618645, 'casas_compartidas_duplex': 352.3837649543445, 'departamentos': 251.62733086940855, 'otras_viviendas': 17.161133190182134}","{'casas_unicas': 0.6806315919598275, 'casas_compartidas_duplex': 0.1811741722130306, 'departamentos': 0.12937137833902754, 'otras_viviendas': 0.008823204725029375}"
140390001090A,1676,1674,"{'casas_unicas': 1100.9022746179064, 'casas_compartidas_duplex': 324.09215942531, 'departamentos': 223.6555099358009, 'otras_viviendas': 27.356158973618975}","{'casas_unicas': 0.6568629323495861, 'casas_compartidas_duplex': 0.19337241015829953, 'departamentos': 0.13344600831491701, 'otras_viviendas': 0.016322290557051894}"
1403900010929,996,995,"{'casas_unicas': 705.0147043726754, 'casas_compartidas_duplex': 162.3555713182487, 'departamentos': 122.87183564094997, 'otras_viviendas': 5.759241482837643}","{'casas_unicas': 0.7078460887275857, 'casas_compartidas_duplex': 0.1630076017251493, 'departamentos': 0.12336529682826301, 'otras_viviendas': 0.005782370966704461}"
1403900010933,811,810,"{'casas_unicas': 576.7995422868347, 'casas_compartidas_duplex': 131.57422321493829, 'departamentos': 96.99851085189711, 'otras_viviendas': 5.625807035664308}","{'casas_unicas': 0.7112201507852463, 'casas_compartidas_duplex': 0.16223701999375867, 'departamentos': 0.11960358921319002, 'otras_viviendas': 0.00693687673941345}"
1403900010967,1085,1084,"{'casas_unicas': 747.4098440566183, 'casas_compartidas_duplex': 194.88049219721864, 'departamentos': 132.1499682314865, 'otras_viviendas': 10.559877400931539}","{'casas_unicas': 0.6888569991305238, 'casas_compartidas_duplex': 0.17961335686379598, 'departamentos': 0.12179720574330553, 'otras_viviendas': 0.009732605899476072}"
1403900010986,646,646,"{'casas_unicas': 442.7945016557059, 'casas_compartidas_duplex': 118.92096034836032, 'departamentos': 79.48450039298332, 'otras_viviendas': 4.798434701039009}","{'casas_unicas': 0.6854404050397924, 'casas_compartidas_duplex': 0.18408817391387047, 'departamentos': 0.12304102228015994, 'otras_viviendas': 0.007427917493868436}"
1403900011024,679,678,"{'casas_unicas': 443.3012716059541, 'casas_compartidas_duplex': 131.33563334335662, 'departamentos': 87.21269096947611, 'otras_viviendas': 17.152371615390923}","{'casas_unicas': 0.6528737431604626, 'casas_compartidas_duplex': 0.19342508592541477, 'departamentos': 0.12844284384311652, 'otras_viviendas': 0.025261224764935086}"
1403900011043,818,817,"{'casas_unicas': 576.8402768131649, 'casas_compartidas_duplex': 135.27136933792184, 'departamentos': 99.11137975021911, 'otras_viviendas': 6.802965885154208}","{'casas_unicas': 0.7051837124855317, 'casas_compartidas_duplex': 0.1653684221734986, 'departamentos': 0.12116305592936322, 'otras_viviendas': 0.00831658421167996}"
1403900011077,273,273,"{'casas_unicas': 200.93131849492988, 'casas_compartidas_duplex': 40.34318915264401, 'departamentos': 31.174328465869397, 'otras_viviendas': 0.5343992864647742}","{'casas_unicas': 0.7360121556590838, 'casas_compartidas_duplex': 0.14777724964338465, 'departamentos': 0.11419167936215896, 'otras_viviendas': 0.0019575065438270116}"
1403900011081,901,900,"{'casas_unicas': 607.6333128356416, 'casas_compartidas_duplex': 167.12743172531637, 'departamentos': 116.51328949069982, 'otras_viviendas': 9.730748145078035}","{'casas_unicas': 0.6743987933802904, 'casas_compartidas_duplex': 0.18549104520012916, 'departamentos': 0.12931552662674786, 'otras_viviendas': 0.010799942447367409}"
1403900011113,584,577,"{'casas_unicas': 378.28666243412005, 'casas_compartidas_duplex': 113.85633482746785, 'departamentos': 74.14773861923287, 'otras_viviendas': 17.683815513255155}","{'casas_unicas': 0.6477511343050001, 'casas_compartidas_duplex': 0.19495947744429426, 'departamentos': 0.1269653058548508, 'otras_viviendas': 0.030280506015847867}"
1403900011147,990,986,"{'casas_unicas': 636.3651593445693, 'casas_compartidas_duplex': 199.19375379396496, 'departamentos': 132.2056381627295, 'otras_viviendas': 22.233482809590896}","{'casas_unicas': 0.6427930902470397, 'casas_compartidas_duplex': 0.20120581191309592, 'departamentos': 0.13354104864922173, 'otras_viviendas': 0.022458063444031208}"
1403900011166,747,747,"{'casas_unicas': 491.8656697186246, 'casas_compartidas_duplex': 144.85326840726114, 'departamentos': 99.12161373475281, 'otras_viviendas': 11.197455268680578}","{'casas_unicas': 0.6584547118053876, 'casas_compartidas_duplex': 0.19391334458803366, 'departamentos': 0.13269292333969587, 'otras_viviendas': 0.014989899958073063}"
1403900011170,1393,1391,"{'casas_unicas': 938.0299894546823, 'casas_compartidas_duplex': 261.42856837061254, 'departamentos': 175.66735630805806, 'otras_viviendas': 17.81548290814223}","{'casas_unicas': 0.6733883628533255, 'casas_compartidas_duplex': 0.1876730569781856, 'departamentos': 0.12610721917304957, 'otras_viviendas': 0.012789291391344026}"
1403900011185,1581,1580,"{'casas_unicas': 1054.3940007859246, 'casas_compartidas_duplex': 300.5026314776966, 'departamentos': 202.20324193166672, 'otras_viviendas': 23.91406727848013}","{'casas_unicas': 0.6669158765249366, 'casas_compartidas_duplex': 0.19007124065635458, 'departamentos': 0.1278957886980814, 'otras_viviendas': 0.01512591225710318}"
140390001119A,493,493,"{'casas_unicas': 349.24831753960973, 'casas_compartidas_duplex': 84.31290247212534, 'departamentos': 56.407936658403194, 'otras_viviendas': 3.0318386430295474}","{'casas_unicas': 0.7084144372000197, 'casas_compartidas_duplex': 0.17102008615035566, 'departamentos': 0.11441772141663933, 'otras_viviendas': 0.006149774123792185}"
1403900011217,1566,1561,"{'casas_unicas': 1028.626133125301, 'casas_compartidas_duplex': 294.01257472433275, 'departamentos': 204.01436335667782, 'otras_viviendas': 39.34538716162629}","{'casas_unicas': 0.6568493825832064, 'casas_compartidas_duplex': 0.18774749343827124, 'departamentos': 0.13027737123670358, 'otras_viviendas': 0.025124768302443354}"
1403900011289,680,679,"{'casas_unicas': 488.1004783616346, 'casas_compartidas_duplex': 104.95070564896427, 'departamentos': 81.25115365918828, 'otras_viviendas': 5.679298967202252}","{'casas_unicas': 0.7177948211200509, 'casas_compartidas_duplex': 0.15433927301318276, 'departamentos': 0.11948699067527688, 'otras_viviendas': 0.008351910245885665}"
1403900011293,352,352,"{'casas_unicas': 248.7182306318756, 'casas_compartidas_duplex': 55.51420552664139, 'departamentos': 43.67624684056543, 'otras_viviendas': 4.0792532620369295}","{'casas_unicas': 0.7065858824769193, 'casas_compartidas_duplex': 0.15771081115523122, 'departamentos': 0.1240802467061518, 'otras_viviendas': 0.011588787676241276}"
1403900011325,914,912,"{'casas_unicas': 613.8591143067738, 'casas_compartidas_duplex': 167.65797099094968, 'departamentos': 115.53188334158826, 'otras_viviendas': 16.968963640392204}","{'casas_unicas': 0.6716182869877175, 'casas_compartidas_duplex': 0.183433228655306, 'departamentos': 0.12640249818554514, 'otras_viviendas': 0.018565605733470682}"
1403900011382,906,906,"{'casas_unicas': 603.5507997479456, 'casas_compartidas_duplex': 177.41502520457013, 'departamentos': 116.22751524116956, 'otras_viviendas': 8.812203921648383}","{'casas_unicas': 0.6661708606489466, 'casas_compartidas_duplex': 0.19582232362535335, 'departamentos': 0.12828644066354256, 'otras_viviendas': 0.009726494394755389}"
1403900011397,1547,1545,"{'casas_unicas': 1042.6386613220213, 'casas_compartidas_duplex': 291.5430622110883, 'departamentos': 192.4518155040329, 'otras_viviendas': 20.371696876750587}","{'casas_unicas': 0.6739745709903177, 'casas_compartidas_duplex': 0.18845705378868022, 'departamentos': 0.12440324208405489, 'otras_viviendas': 0.013168517696671355}"
140390001140A,1302,1300,"{'casas_unicas': 856.3519694487984, 'casas_compartidas_duplex': 249.5836982439207, 'departamentos': 169.34090804809708, 'otras_viviendas': 26.72806180895322}","{'casas_unicas': 0.6577204066427023, 'casas_compartidas_duplex': 0.19169254857443987, 'departamentos': 0.13006214135798547, 'otras_viviendas': 0.0205284652910547}"
1403900011414,1143,1143,"{'casas_unicas': 778.0520845187251, 'casas_compartidas_duplex': 213.57168729930015, 'departamentos': 140.43681677767012, 'otras_viviendas': 10.939795432169195}","{'casas_unicas': 0.6807104851432416, 'casas_compartidas_duplex': 0.18685186990314973, 'departamentos': 0.12286685632342093, 'otras_viviendas': 0.009571124612571475}"
1403900011429,563,560,"{'casas_unicas': 361.0761888366597, 'casas_compartidas_duplex': 114.12538833001987, 'departamentos': 71.9599627507591, 'otras_viviendas': 15.827684127870663}","{'casas_unicas': 0.6413431418057899, 'casas_compartidas_duplex': 0.20270939312614542, 'departamentos': 0.12781520914877284, 'otras_viviendas': 0.028113115680054465}"
1403900011452,1120,1120,"{'casas_unicas': 742.1367827319, 'casas_compartidas_duplex': 218.54969232073717, 'departamentos': 144.96681064643707, 'otras_viviendas': 14.350572163997764}","{'casas_unicas': 0.6626221274391965, 'casas_compartidas_duplex': 0.19513365385780104, 'departamentos': 0.12943465236289023, 'otras_viviendas': 0.01281301086071229}"
1403900011471,1138,1137,"{'casas_unicas': 771.3504068676801, 'casas_compartidas_duplex': 214.2588667301677, 'departamentos': 140.65130708441734, 'otras_viviendas': 11.75639900382947}","{'casas_unicas': 0.6778123083195783, 'casas_compartidas_duplex': 0.18827668429715969, 'departamentos': 0.123595173184901, 'otras_viviendas': 0.01033075483640551}"
1403900011537,1979,1974,"{'casas_unicas': 1354.6601318644186, 'casas_compartidas_duplex': 357.08302858315005, 'departamentos': 242.4306581642112, 'otras_viviendas': 24.572733635544157}","{'casas_unicas': 0.6845174996788371, 'casas_compartidas_duplex': 0.1804360932709197, 'departamentos': 0.12250159583840889, 'otras_viviendas': 0.012416742615232014}"
1403900011560,306,306,"{'casas_unicas': 213.32689240249684, 'casas_compartidas_duplex': 51.43858761197035, 'departamentos': 37.53258338497752, 'otras_viviendas': 3.703674864425968}","{'casas_unicas': 0.6971467071977021, 'casas_compartidas_duplex': 0.16809995951624296, 'departamentos': 0.12265550125809647, 'otras_viviendas': 0.012103512628843033}"
1403900011645,651,651,"{'casas_unicas': 425.81498946876803, 'casas_compartidas_duplex': 125.52414638757122, 'departamentos': 80.53339669694763, 'otras_viviendas': 19.126838646565474}","{'casas_unicas': 0.6540936858199202, 'casas_compartidas_duplex': 0.19281742916677608, 'departamentos': 0.12370721458824521, 'otras_viviendas': 0.029380704526214246}"
140390001165A,1734,1728,"{'casas_unicas': 1150.663414858408, 'casas_compartidas_duplex': 329.9720409589511, 'departamentos': 227.33837360199465, 'otras_viviendas': 26.009437819928603}","{'casas_unicas': 0.6635890512447566, 'casas_compartidas_duplex': 0.19029529467067535, 'departamentos': 0.131106328490193, 'otras_viviendas': 0.014999675790039564}"
1403900011679,560,560,"{'casas_unicas': 375.9565296757428, 'casas_compartidas_duplex': 103.45557207310736, 'departamentos': 72.99361249542817, 'otras_viviendas': 7.596528143693817}","{'casas_unicas': 0.6713509458495407, 'casas_compartidas_duplex': 0.18474209298769173, 'departamentos': 0.13034573659897886, 'otras_viviendas': 0.013565228828024673}"
1403900011683,969,967,"{'casas_unicas': 649.6555444466178, 'casas_compartidas_duplex': 179.60889347908238, 'departamentos': 126.84557701117427, 'otras_viviendas': 12.855282566287409}","{'casas_unicas': 0.6704391583556427, 'casas_compartidas_duplex': 0.18535489523125118, 'departamentos': 0.13090358824682588, 'otras_viviendas': 0.013266545476044797}"
1403900011715,1386,1386,"{'casas_unicas': 965.4529064572704, 'casas_compartidas_duplex': 239.23137936039257, 'departamentos': 169.11686963309967, 'otras_viviendas': 12.20250338166434}","{'casas_unicas': 0.6965749685838891, 'casas_compartidas_duplex': 0.17260561281413606, 'departamentos': 0.12201794345822486, 'otras_viviendas': 0.008804114993985816}"
1403900011734,1379,1378,"{'casas_unicas': 941.7181813456568, 'casas_compartidas_duplex': 252.34014921394044, 'departamentos': 168.8907394074882, 'otras_viviendas': 16.02846568700303}","{'casas_unicas': 0.682899333825712, 'casas_compartidas_duplex': 0.1829877804307037, 'departamentos': 0.12247334257250776, 'otras_viviendas': 0.011623252854969566}"
1403900011753,834,834,"{'casas_unicas': 593.6125166624489, 'casas_compartidas_duplex': 130.41378210267402, 'departamentos': 105.38830530341998, 'otras_viviendas': 4.586593285848814}","{'casas_unicas': 0.7117656075089316, 'casas_compartidas_duplex': 0.15637144137011275, 'departamentos': 0.12636487446453235, 'otras_viviendas': 0.005499512333152054}"
1403900011768,876,876,"{'casas_unicas': 615.9851372114621, 'casas_compartidas_duplex': 145.22958185814926, 'departamentos': 105.82061633652677, 'otras_viviendas': 9.008524764625653}","{'casas_unicas': 0.7031793803783813, 'casas_compartidas_duplex': 0.16578719390199687, 'departamentos': 0.12079979033850087, 'otras_viviendas': 0.010283704069207367}"
1403900011823,208,206,"{'casas_unicas': 142.83513070251573, 'casas_compartidas_duplex': 35.809984004683905, 'departamentos': 24.168890716908237, 'otras_viviendas': 5.187055649096871}","{'casas_unicas': 0.6867073591467102, 'casas_compartidas_duplex': 0.1721633846379034, 'departamentos': 0.11619658998513575, 'otras_viviendas': 0.02493776754373496}"
1403900011861,471,469,"{'casas_unicas': 300.8195174650634, 'casas_compartidas_duplex': 93.32909064952423, 'departamentos': 62.66580393342143, 'otras_viviendas': 14.184584565990031}","{'casas_unicas': 0.6386826273143598, 'casas_compartidas_duplex': 0.19815093556162258, 'departamentos': 0.13304841599452533, 'otras_viviendas': 0.03011589079828032}"
1403900011880,540,540,"{'casas_unicas': 357.09555537852606, 'casas_compartidas_duplex': 105.32183637279391, 'departamentos': 68.51907919140369, 'otras_viviendas': 9.073091209001282}","{'casas_unicas': 0.661288065515789, 'casas_compartidas_duplex': 0.19504043772739613, 'departamentos': 0.12688718368778462, 'otras_viviendas': 0.01680202075740978}"
1403900011908,1041,1035,"{'casas_unicas': 677.9935611589381, 'casas_compartidas_duplex': 205.3617924087013, 'departamentos': 131.69304372276562, 'otras_viviendas': 25.950849594740035}","{'casas_unicas': 0.6512906447252047, 'casas_compartidas_duplex': 0.1972735758008658, 'departamentos': 0.126506285996893, 'otras_viviendas': 0.024928770023765645}"
1403900011912,797,793,"{'casas_unicas': 508.5989300200427, 'casas_compartidas_duplex': 165.3539443382901, 'departamentos': 105.44375833923011, 'otras_viviendas': 17.62905516220907}","{'casas_unicas': 0.6381416938770925, 'casas_compartidas_duplex': 0.2074704445900754, 'departamentos': 0.13230082602161872, 'otras_viviendas': 0.022119266201015144}"
1403900011927,754,754,"{'casas_unicas': 513.451566945043, 'casas_compartidas_duplex': 134.7268932838455, 'departamentos': 94.92178296298287, 'otras_viviendas': 10.898808938583935}","{'casas_unicas': 0.6809702479377229, 'casas_compartidas_duplex': 0.17868288233931764, 'departamentos': 0.1258909588368473, 'otras_viviendas': 0.01445465376470018}"
1403900011946,663,662,"{'casas_unicas': 450.71031754697077, 'casas_compartidas_duplex': 120.45403244137394, 'departamentos': 80.28069630600095, 'otras_viviendas': 11.568155815567223}","{'casas_unicas': 0.6798044005233345, 'casas_compartidas_duplex': 0.18168029025848256, 'departamentos': 0.12108702308597429, 'otras_viviendas': 0.017448198816843473}"
1403900011965,851,851,"{'casas_unicas': 546.4877033996556, 'casas_compartidas_duplex': 175.31961303177786, 'departamentos': 115.61405493412981, 'otras_viviendas': 13.559021881486165}","{'casas_unicas': 0.6421712143356706, 'casas_compartidas_duplex': 0.2060159965120774, 'departamentos': 0.13585670380038756, 'otras_viviendas': 0.015933045689172934}"
1403900011999,523,522,"{'casas_unicas': 356.85784636041774, 'casas_compartidas_duplex': 94.68580303953169, 'departamentos': 65.9624261405929, 'otras_viviendas': 5.491642010881246}","{'casas_unicas': 0.6823285781269938, 'casas_compartidas_duplex': 0.18104360045799558, 'departamentos': 0.1261231857372713, 'otras_viviendas': 0.010500271531321693}"
1403900012022,1164,1153,"{'casas_unicas': 772.2252531038322, 'casas_compartidas_duplex': 224.61191807389932, 'departamentos': 144.04814390898477, 'otras_viviendas': 23.102846334798315}","{'casas_unicas': 0.6634237569620551, 'casas_compartidas_duplex': 0.1929655653555836, 'departamentos': 0.12375270095273605, 'otras_viviendas': 0.019847806129551816}"
1403900012056,925,925,"{'casas_unicas': 639.1117505130585, 'casas_compartidas_duplex': 163.8481323804527, 'departamentos': 111.25527609726483, 'otras_viviendas': 10.783895891624312}","{'casas_unicas': 0.6909316221762795, 'casas_compartidas_duplex': 0.1771331160869759, 'departamentos': 0.12027597415920521, 'otras_viviendas': 0.01165826582878304}"
1403900012126,339,339,"{'casas_unicas': 228.4042819635217, 'casas_compartidas_duplex': 62.278033157082156, 'departamentos': 43.157461991971154, 'otras_viviendas': 5.172517119184747}","{'casas_unicas': 0.6737589438451967, 'casas_compartidas_duplex': 0.18371101226277922, 'departamentos': 0.12730814746894145, 'otras_viviendas': 0.015258162593465331}"
1403900012200,363,363,"{'casas_unicas': 257.06112876596154, 'casas_compartidas_duplex': 60.512400288745866, 'departamentos': 42.30383661379089, 'otras_viviendas': 3.138277544863745}","{'casas_unicas': 0.7081573795205552, 'casas_compartidas_duplex': 0.16670082724172414, 'departamentos': 0.11653949480383166, 'otras_viviendas': 0.008645392685575055}"
1403900012268,1191,1190,"{'casas_unicas': 824.3859589575067, 'casas_compartidas_duplex': 208.58760148344325, 'departamentos': 144.69339304409272, 'otras_viviendas': 13.365811395520828}","{'casas_unicas': 0.6921796464798544, 'casas_compartidas_duplex': 0.17513652517501532, 'departamentos': 0.12148899499923822, 'otras_viviendas': 0.011222343740991458}"
1403900012287,907,907,"{'casas_unicas': 613.2966002593064, 'casas_compartidas_duplex': 166.3272985047594, 'departamentos': 115.03021817818528, 'otras_viviendas': 12.36191671397476}","{'casas_unicas': 0.67618147768391, 'casas_compartidas_duplex': 0.18338180651020883, 'departamentos': 0.12682493735191322, 'otras_viviendas': 0.013629456134481542}"
1403900012304,1631,1630,"{'casas_unicas': 1128.5731578555663, 'casas_compartidas_duplex': 274.67836411693776, 'departamentos': 208.6919653726211, 'otras_viviendas': 19.110764740173046}","{'casas_unicas': 0.6919516602425299, 'casas_compartidas_duplex': 0.168411014173475, 'departamentos': 0.12795338158958988, 'otras_viviendas': 0.011717207075519955}"
1403900012357,825,823,"{'casas_unicas': 546.641678257114, 'casas_compartidas_duplex': 157.02749453683634, 'departamentos': 105.70933497239035, 'otras_viviendas': 15.622147536140123}","{'casas_unicas': 0.6625959736449867, 'casas_compartidas_duplex': 0.1903363570143471, 'departamentos': 0.12813252723926102, 'otras_viviendas': 0.018935936407442573}"
1403900012376,487,487,"{'casas_unicas': 331.90323590150143, 'casas_compartidas_duplex': 87.32926587275897, 'departamentos': 62.329605549749445, 'otras_viviendas': 5.446657681208139}","{'casas_unicas': 0.6815261517484629, 'casas_compartidas_duplex': 0.17932087448205128, 'departamentos': 0.12798686971201118, 'otras_viviendas': 0.011184102014801106}"
1403900012395,638,636,"{'casas_unicas': 426.784976753769, 'casas_compartidas_duplex': 119.21013915761705, 'departamentos': 82.21894003177535, 'otras_viviendas': 9.805233467426737}","{'casas_unicas': 0.6689419698334937, 'casas_compartidas_duplex': 0.1868497478959515, 'departamentos': 0.12886981196203032, 'otras_viviendas': 0.015368704494399274}"
1403900012427,558,558,"{'casas_unicas': 390.7373025941153, 'casas_compartidas_duplex': 95.07654468163062, 'departamentos': 68.19844719342268, 'otras_viviendas': 3.988215618751033}","{'casas_unicas': 0.7002460619966224, 'casas_compartidas_duplex': 0.17038807290614807, 'departamentos': 0.12221943941473598, 'otras_viviendas': 0.007147339818550238}"
1403900012431,324,324,"{'casas_unicas': 216.30367347364262, 'casas_compartidas_duplex': 60.833172320097994, 'departamentos': 40.95351932566949, 'otras_viviendas': 5.949848997703738}","{'casas_unicas': 0.6676039304742056, 'casas_compartidas_duplex': 0.18775670469166048, 'departamentos': 0.12639975100515274, 'otras_viviendas': 0.01836373147439425}"
1403900012446,588,588,"{'casas_unicas': 396.5301337226132, 'casas_compartidas_duplex': 108.07547912994976, 'departamentos': 77.74081514955212, 'otras_viviendas': 5.658797400538258}","{'casas_unicas': 0.67437097571873, 'casas_compartidas_duplex': 0.1838018352550166, 'departamentos': 0.1322122706625036, 'otras_viviendas': 0.009623805102956223}"
1403900012501,931,931,"{'casas_unicas': 641.3584126016148, 'casas_compartidas_duplex': 162.78252108654496, 'departamentos': 118.3111112243349, 'otras_viviendas': 8.551491106383535}","{'casas_unicas': 0.6888919576816485, 'casas_compartidas_duplex': 0.17484696142486034, 'departamentos': 0.12707960389294834, 'otras_viviendas': 0.009185275087415182}"
1403900012520,448,448,"{'casas_unicas': 301.9921600416994, 'casas_compartidas_duplex': 83.45107445853327, 'departamentos': 57.036987799720805, 'otras_viviendas': 5.519959687333193}","{'casas_unicas': 0.6740896429502218, 'casas_compartidas_duplex': 0.18627471977351176, 'departamentos': 0.1273147049100911, 'otras_viviendas': 0.012321338587797307}"
1403900012535,1126,1125,"{'casas_unicas': 801.7499131145424, 'casas_compartidas_duplex': 184.34892582011815, 'departamentos': 133.34033656257645, 'otras_viviendas': 6.54079793550699}","{'casas_unicas': 0.7120336706168228, 'casas_compartidas_duplex': 0.16372018278873726, 'departamentos': 0.11841948184953503, 'otras_viviendas': 0.005808879161196261}"
140390001254A,1776,1773,"{'casas_unicas': 1261.9169796409474, 'casas_compartidas_duplex': 290.51950478121057, 'departamentos': 212.93704176914036, 'otras_viviendas': 10.612090493711435}","{'casas_unicas': 0.7105388398879208, 'casas_compartidas_duplex': 0.16358080224167262, 'departamentos': 0.11989698297811957, 'otras_viviendas': 0.005975276178891573}"
1403900012569,1025,1024,"{'casas_unicas': 708.9556395579174, 'casas_compartidas_duplex': 182.50850463154396, 'departamentos': 124.72970954256121, 'otras_viviendas': 8.773575739476748}","{'casas_unicas': 0.6916640385930901, 'casas_compartidas_duplex': 0.17805707768931117, 'departamentos': 0.12168752150493777, 'otras_viviendas': 0.008559586087294388}"
1403900012588,962,962,"{'casas_unicas': 649.2883502820863, 'casas_compartidas_duplex': 178.20020938831246, 'departamentos': 122.02881354128601, 'otras_viviendas': 12.475690995874062}","{'casas_unicas': 0.6749359150541437, 'casas_compartidas_duplex': 0.1852393028984537, 'departamentos': 0.12684907852524532, 'otras_viviendas': 0.012968493758704847}"
1403900012592,1073,1072,"{'casas_unicas': 736.5951381247069, 'casas_compartidas_duplex': 186.16564919817267, 'departamentos': 129.92155040006963, 'otras_viviendas': 20.319638322702158}","{'casas_unicas': 0.6864819553818331, 'casas_compartidas_duplex': 0.1735001390476912, 'departamentos': 0.12108252600192883, 'otras_viviendas': 0.018937221176796047}"
1403900012624,1560,1560,"{'casas_unicas': 1074.1263542254326, 'casas_compartidas_duplex': 283.307447068722, 'departamentos': 192.23320405709143, 'otras_viviendas': 10.35084753154679}","{'casas_unicas': 0.6885425347598927, 'casas_compartidas_duplex': 0.1816073378645654, 'departamentos': 0.12322641285710989, 'otras_viviendas': 0.006635158674068455}"
1403900012639,1517,1516,"{'casas_unicas': 1031.5697098064084, 'casas_compartidas_duplex': 276.4410518220914, 'departamentos': 194.10334508216658, 'otras_viviendas': 14.875959234292988}","{'casas_unicas': 0.6800064006634201, 'casas_compartidas_duplex': 0.18222877509696206, 'departamentos': 0.12795210618468464, 'otras_viviendas': 0.009806169567760705}"
1403900012681,1267,1266,"{'casas_unicas': 913.3408637917541, 'casas_compartidas_duplex': 196.77339118781146, 'departamentos': 150.68237264579943, 'otras_viviendas': 6.20206841764389}","{'casas_unicas': 0.7208688743423474, 'casas_compartidas_duplex': 0.15530654395249524, 'departamentos': 0.11892847091223317, 'otras_viviendas': 0.004895081624028326}"
1403900012696,2016,2016,"{'casas_unicas': 1442.6489641196404, 'casas_compartidas_duplex': 324.62728356035484, 'departamentos': 241.36200218283804, 'otras_viviendas': 7.22660725097521}","{'casas_unicas': 0.7155996845831549, 'casas_compartidas_duplex': 0.16102543827398555, 'departamentos': 0.11972321536847125, 'otras_viviendas': 0.0035846266125869096}"
1403900012709,1769,1769,"{'casas_unicas': 1268.0928685641602, 'casas_compartidas_duplex': 286.37871815833785, 'departamentos': 206.4238000351418, 'otras_viviendas': 8.098979819922365}","{'casas_unicas': 0.716841644185506, 'casas_compartidas_duplex': 0.16188734774354882, 'departamentos': 0.11668954213405415, 'otras_viviendas': 0.0045782814131839255}"
1403900012713,1056,1056,"{'casas_unicas': 751.0528278486734, 'casas_compartidas_duplex': 173.03936257087932, 'departamentos': 120.47377545419052, 'otras_viviendas': 11.431185224997678}","{'casas_unicas': 0.7112242687960922, 'casas_compartidas_duplex': 0.1638630327375751, 'departamentos': 0.11408501463465011, 'otras_viviendas': 0.010824986008520528}"
1403900012728,1154,1153,"{'casas_unicas': 809.2666274788339, 'casas_compartidas_duplex': 191.92184051606236, 'departamentos': 138.40523028343227, 'otras_viviendas': 14.382494216786272}","{'casas_unicas': 0.7012709076939635, 'casas_compartidas_duplex': 0.16631008710230707, 'departamentos': 0.11993520821787892, 'otras_viviendas': 0.01246316656567268}"
140390001279A,1282,1280,"{'casas_unicas': 876.4242808397038, 'casas_compartidas_duplex': 229.40639377832292, 'departamentos': 151.9854178372742, 'otras_viviendas': 24.200898077450415}","{'casas_unicas': 0.6836382845863525, 'casas_compartidas_duplex': 0.1789441449128884, 'departamentos': 0.1185533680477958, 'otras_viviendas': 0.018877455598635268}"
1403900012802,2356,2355,"{'casas_unicas': 1603.5750861223833, 'casas_compartidas_duplex': 427.9501267358501, 'departamentos': 298.56363902587003, 'otras_viviendas': 25.923161699005632}","{'casas_unicas': 0.6806345866393817, 'casas_compartidas_duplex': 0.18164266839382434, 'departamentos': 0.1267248043403523, 'otras_viviendas': 0.011003039770375905}"
140390001286A,649,646,"{'casas_unicas': 442.9341830800978, 'casas_compartidas_duplex': 112.82546168641653, 'departamentos': 82.36302859624033, 'otras_viviendas': 10.872693477006834}","{'casas_unicas': 0.6824871850232632, 'casas_compartidas_duplex': 0.17384508734424736, 'departamentos': 0.12690759413904518, 'otras_viviendas': 0.01675299457165922}"
1403900013016,1349,1349,"{'casas_unicas': 927.4727469120082, 'casas_compartidas_duplex': 233.21718051136847, 'departamentos': 173.11975155480914, 'otras_viviendas': 15.204271132153224}","{'casas_unicas': 0.6875261281779157, 'casas_compartidas_duplex': 0.17288152743615157, 'departamentos': 0.1283319136803626, 'otras_viviendas': 0.01127077178069179}"
1403900013088,2126,2125,"{'casas_unicas': 1457.9557672529477, 'casas_compartidas_duplex': 369.09429527210284, 'departamentos': 269.5444245847927, 'otras_viviendas': 29.41533756627881}","{'casas_unicas': 0.6857741144181315, 'casas_compartidas_duplex': 0.1736097343706975, 'departamentos': 0.12678477167676044, 'otras_viviendas': 0.013836000736725687}"
1403900013143,888,888,"{'casas_unicas': 643.1707702160563, 'casas_compartidas_duplex': 134.87044148976554, 'departamentos': 105.81988121993884, 'otras_viviendas': 4.138730225644889}","{'casas_unicas': 0.7242914079009644, 'casas_compartidas_duplex': 0.15188112780379, 'departamentos': 0.11916653290533653, 'otras_viviendas': 0.004660732236086587}"
1403900013177,1722,1721,"{'casas_unicas': 1080.4541452918445, 'casas_compartidas_duplex': 349.9655515658844, 'departamentos': 235.3995340019099, 'otras_viviendas': 56.18664647842819}","{'casas_unicas': 0.627441431644509, 'casas_compartidas_duplex': 0.2032320276224648, 'departamentos': 0.1367012392577874, 'otras_viviendas': 0.03262871456354715}"
1403900013209,1578,1577,"{'casas_unicas': 1131.161984709602, 'casas_compartidas_duplex': 251.0810619542285, 'departamentos': 184.32110123761188, 'otras_viviendas': 11.446675280015318}","{'casas_unicas': 0.7168326899300392, 'casas_compartidas_duplex': 0.15911347398873796, 'departamentos': 0.11680678151939916, 'otras_viviendas': 0.007253913358691583}"
1403900013321,346,346,"{'casas_unicas': 241.73125344962608, 'casas_compartidas_duplex': 59.709068109448125, 'departamentos': 43.46542817942212, 'otras_viviendas': 1.106876446762109}","{'casas_unicas': 0.6986452411838904, 'casas_compartidas_duplex': 0.17256956100996568, 'departamentos': 0.12562262479601768, 'otras_viviendas': 0.0031990648750349973}"
1403900013336,2246,2244,"{'casas_unicas': 1526.6771915623053, 'casas_compartidas_duplex': 405.07391754052213, 'departamentos': 296.92928907568273, 'otras_viviendas': 17.30288757813183}","{'casas_unicas': 0.6797316079974646, 'casas_compartidas_duplex': 0.18035348065027698, 'departamentos': 0.132203601547499, 'otras_viviendas': 0.007703868022320494}"
1403900013340,2316,2316,"{'casas_unicas': 1619.849561211637, 'casas_compartidas_duplex': 396.69592774725953, 'departamentos': 283.3830336879077, 'otras_viviendas': 16.075828783422935}","{'casas_unicas': 0.6994169089860263, 'casas_compartidas_duplex': 0.17128494289605334, 'departamentos': 0.12235882283588416, 'otras_viviendas': 0.006941204137920093}"
1403900013374,1444,1444,"{'casas_unicas': 964.2804823434257, 'casas_compartidas_duplex': 274.0864842271359, 'departamentos': 176.73985292173907, 'otras_viviendas': 28.901387982182808}","{'casas_unicas': 0.6677842675508487, 'casas_compartidas_duplex': 0.18981058464483094, 'departamentos': 0.12239602002890518, 'otras_viviendas': 0.020014811622010256}"
1403900013482,1048,1047,"{'casas_unicas': 652.1053247453701, 'casas_compartidas_duplex': 219.1030866321874, 'departamentos': 145.110070967259, 'otras_viviendas': 31.669540778242556}","{'casas_unicas': 0.6222379052913837, 'casas_compartidas_duplex': 0.20906783075590402, 'departamentos': 0.13846380817486545, 'otras_viviendas': 0.03021902746015511}"
140390001350A,747,747,"{'casas_unicas': 508.09448235917165, 'casas_compartidas_duplex': 135.69820073908116, 'departamentos': 93.2459291953293, 'otras_viviendas': 9.955138589842953}","{'casas_unicas': 0.6801800299319567, 'casas_compartidas_duplex': 0.1816575645770832, 'departamentos': 0.12482721445157871, 'otras_viviendas': 0.01332682542147651}"
1403900013514,780,778,"{'casas_unicas': 541.4991772715761, 'casas_compartidas_duplex': 134.63360412401812, 'departamentos': 93.18128037131828, 'otras_viviendas': 10.692610169229907}","{'casas_unicas': 0.6942297144507386, 'casas_compartidas_duplex': 0.1726071847743822, 'departamentos': 0.11946317996322857, 'otras_viviendas': 0.013708474575935778}"
1403900013552,506,506,"{'casas_unicas': 339.0584044761179, 'casas_compartidas_duplex': 94.60359334397457, 'departamentos': 63.590389747338435, 'otras_viviendas': 8.746719088687854}","{'casas_unicas': 0.670075898174146, 'casas_compartidas_duplex': 0.1869636232094359, 'departamentos': 0.12567270701055028, 'otras_viviendas': 0.017286006104126193}"
1403900013590,759,758,"{'casas_unicas': 505.1965886704713, 'casas_compartidas_duplex': 136.92837843520445, 'departamentos': 102.62696489496459, 'otras_viviendas': 14.249213550477117}","{'casas_unicas': 0.6656081537160359, 'casas_compartidas_duplex': 0.1804062956985566, 'departamentos': 0.1352133924834843, 'otras_viviendas': 0.018773667391932963}"
1403900013618,709,709,"{'casas_unicas': 460.23318789677535, 'casas_compartidas_duplex': 140.99127807919467, 'departamentos': 95.40111610248161, 'otras_viviendas': 12.337198828278172}","{'casas_unicas': 0.6491300252422784, 'casas_compartidas_duplex': 0.1988593484896963, 'departamentos': 0.1345572864633027, 'otras_viviendas': 0.01740084460970123}"
1403900013656,1003,1003,"{'casas_unicas': 704.3140720919547, 'casas_compartidas_duplex': 167.13317652405766, 'departamentos': 121.4341893048833, 'otras_viviendas': 10.11798088982659}","{'casas_unicas': 0.7022074497427265, 'casas_compartidas_duplex': 0.16663327669397573, 'departamentos': 0.12107097637575603, 'otras_viviendas': 0.01008771773661674}"
140390001368A,608,605,"{'casas_unicas': 429.99710365419645, 'casas_compartidas_duplex': 98.51949871744158, 'departamentos': 70.10642600054815, 'otras_viviendas': 9.386381676706375}","{'casas_unicas': 0.7072320783786126, 'casas_compartidas_duplex': 0.16203864920631839, 'departamentos': 0.11530662171142789, 'otras_viviendas': 0.015438127757740748}"
1403900013694,454,454,"{'casas_unicas': 316.5468950943979, 'casas_compartidas_duplex': 75.19843919228231, 'departamentos': 57.479620076817326, 'otras_viviendas': 4.774619587871787}","{'casas_unicas': 0.6972398570361187, 'casas_compartidas_duplex': 0.1656353286173619, 'departamentos': 0.1266070926802144, 'otras_viviendas': 0.010516783233197768}"
1403900013707,1071,1068,"{'casas_unicas': 775.0116292985869, 'casas_compartidas_duplex': 165.774696242551, 'departamentos': 120.10221826564894, 'otras_viviendas': 10.110531422980955}","{'casas_unicas': 0.7236336408016684, 'casas_compartidas_duplex': 0.15478496381190568, 'departamentos': 0.1121402598185331, 'otras_viviendas': 0.009440272103623673}"
1403900013711,857,857,"{'casas_unicas': 614.2969650511803, 'casas_compartidas_duplex': 138.18124886139992, 'departamentos': 100.33598461474735, 'otras_viviendas': 4.188132229798785}","{'casas_unicas': 0.7167992591028942, 'casas_compartidas_duplex': 0.16123833005997656, 'departamentos': 0.11707816174416259, 'otras_viviendas': 0.004886968762892398}"
1403900013726,611,606,"{'casas_unicas': 412.47795289889814, 'casas_compartidas_duplex': 107.65650005270497, 'departamentos': 74.06156892742408, 'otras_viviendas': 16.778928250924807}","{'casas_unicas': 0.6750866659556435, 'casas_compartidas_duplex': 0.17619721776220126, 'departamentos': 0.12121369709889374, 'otras_viviendas': 0.027461421032610157}"
1403900013730,260,257,"{'casas_unicas': 173.58261130038355, 'casas_compartidas_duplex': 47.92841207635856, 'departamentos': 31.99813519513389, 'otras_viviendas': 6.498432878075211}","{'casas_unicas': 0.6676254280783983, 'casas_compartidas_duplex': 0.18434004644753293, 'departamentos': 0.12306975075051496, 'otras_viviendas': 0.02499397260798158}"
1403900013783,1535,1535,"{'casas_unicas': 1049.0373986187599, 'casas_compartidas_duplex': 279.65532792753277, 'departamentos': 199.38706593231586, 'otras_viviendas': 6.916170243739795}","{'casas_unicas': 0.6834119860708533, 'casas_compartidas_duplex': 0.18218588138601483, 'departamentos': 0.12989385402756734, 'otras_viviendas': 0.004505648367257195}"
1403900013798,1512,1512,"{'casas_unicas': 1042.3122845659334, 'casas_compartidas_duplex': 266.8463371191061, 'departamentos': 187.7784092791489, 'otras_viviendas': 15.05223224549962}","{'casas_unicas': 0.6893599765647708, 'casas_compartidas_duplex': 0.1764856726978215, 'departamentos': 0.12419206962906673, 'otras_viviendas': 0.009955180056547368}"
1403900013800,1498,1498,"{'casas_unicas': 1039.6561600837301, 'casas_compartidas_duplex': 257.29150397256757, 'departamentos': 191.3600287959574, 'otras_viviendas': 9.70649966582742}","{'casas_unicas': 0.6940294793616356, 'casas_compartidas_duplex': 0.1717566782193375, 'departamentos': 0.12774367743388343, 'otras_viviendas': 0.006479639296279987}"
1403900013834,956,955,"{'casas_unicas': 681.7331850932011, 'casas_compartidas_duplex': 151.17167927274537, 'departamentos': 114.51314194095306, 'otras_viviendas': 8.572479124931828}","{'casas_unicas': 0.7131100262481183, 'casas_compartidas_duplex': 0.15812937162421065, 'departamentos': 0.11978362127714755, 'otras_viviendas': 0.008967028373359652}"
1403900013853,573,572,"{'casas_unicas': 411.20480017838634, 'casas_compartidas_duplex': 91.25571671992456, 'departamentos': 64.32314747667539, 'otras_viviendas': 6.179616199370862}","{'casas_unicas': 0.7176349043252815, 'casas_compartidas_duplex': 0.15925954052342856, 'departamentos': 0.11225680187901464, 'otras_viviendas': 0.010784670505010231}"
1403900013872,1850,1847,"{'casas_unicas': 1278.0994259496058, 'casas_compartidas_duplex': 319.8549520391186, 'departamentos': 239.44523473940106, 'otras_viviendas': 12.602054663282583}","{'casas_unicas': 0.6908645545673545, 'casas_compartidas_duplex': 0.17289456866979383, 'departamentos': 0.12942985661589246, 'otras_viviendas': 0.006811921439612207}"
1403900013891,927,925,"{'casas_unicas': 604.0395252063784, 'casas_compartidas_duplex': 173.49077389158924, 'departamentos': 123.17796975756738, 'otras_viviendas': 26.372145218530413}","{'casas_unicas': 0.6516068233078515, 'casas_compartidas_duplex': 0.1871529383943789, 'departamentos': 0.13287806877838984, 'otras_viviendas': 0.028448916093344566}"
1403900013923,1252,1249,"{'casas_unicas': 851.5011036566121, 'casas_compartidas_duplex': 221.33209000990792, 'departamentos': 164.95619376803583, 'otras_viviendas': 14.240739444483758}","{'casas_unicas': 0.6801127026011279, 'casas_compartidas_duplex': 0.17678281949673155, 'departamentos': 0.13175414837702543, 'otras_viviendas': 0.011374392527542937}"
1403900013942,813,812,"{'casas_unicas': 519.8393333049884, 'casas_compartidas_duplex': 165.9648101700548, 'departamentos': 113.01730742659545, 'otras_viviendas': 14.17816311720531}","{'casas_unicas': 0.6394087740528762, 'casas_compartidas_duplex': 0.20413875789674635, 'departamentos': 0.13901267826149502, 'otras_viviendas': 0.017439315027312805}"
1403900013961,745,745,"{'casas_unicas': 533.3712056754591, 'casas_compartidas_duplex': 120.49430854281641, 'departamentos': 84.22161163805036, 'otras_viviendas': 6.96068827768058}","{'casas_unicas': 0.7159345042623613, 'casas_compartidas_duplex': 0.16173732690310927, 'departamentos': 0.11304914313832264, 'otras_viviendas': 0.009343205741853128}"
1403900013980,369,369,"{'casas_unicas': 254.6743973579635, 'casas_compartidas_duplex': 66.69572925280441, 'departamentos': 44.067547515035955, 'otras_viviendas': 3.562065431863193}","{'casas_unicas': 0.6901745185852669, 'casas_compartidas_duplex': 0.18074723374743742, 'departamentos': 0.11942424800822751, 'otras_viviendas': 0.009653293853287786}"
140390001400A,934,933,"{'casas_unicas': 659.0603279439808, 'casas_compartidas_duplex': 156.24825264379666, 'departamentos': 112.27315961801813, 'otras_viviendas': 6.415718209399308}","{'casas_unicas': 0.7056320427665748, 'casas_compartidas_duplex': 0.16728934972569234, 'departamentos': 0.12020680901286737, 'otras_viviendas': 0.006869077311990693}"
1403900014014,985,983,"{'casas_unicas': 671.5566132684007, 'casas_compartidas_duplex': 180.82035801425982, 'departamentos': 121.1124396335913, 'otras_viviendas': 11.482950288623764}","{'casas_unicas': 0.6817833637242647, 'casas_compartidas_duplex': 0.18357396752716734, 'departamentos': 0.12295679150618405, 'otras_viviendas': 0.011657817551902299}"
1403900014033,605,604,"{'casas_unicas': 421.12258461736826, 'casas_compartidas_duplex': 101.55263752610769, 'departamentos': 74.53592591462012, 'otras_viviendas': 7.779691727931168}","{'casas_unicas': 0.6960703877973029, 'casas_compartidas_duplex': 0.16785559921670692, 'departamentos': 0.12319987754482666, 'otras_viviendas': 0.012858994591621766}"
1403900014048,1529,1528,"{'casas_unicas': 1044.204757399115, 'casas_compartidas_duplex': 279.19966125219736, 'departamentos': 183.51192406268297, 'otras_viviendas': 22.090603845794156}","{'casas_unicas': 0.6829331310654774, 'casas_compartidas_duplex': 0.1826027869536935, 'departamentos': 0.12002087904688226, 'otras_viviendas': 0.014447746138518089}"
1403900014052,1680,1679,"{'casas_unicas': 1180.7755961936796, 'casas_compartidas_duplex': 278.49248242521315, 'departamentos': 212.2863485027503, 'otras_viviendas': 8.457481738341189}","{'casas_unicas': 0.7028426167819521, 'casas_compartidas_duplex': 0.16576933477691258, 'departamentos': 0.12636092172782756, 'otras_viviendas': 0.005034215320441184}"
1403900014067,698,698,"{'casas_unicas': 478.46531371709943, 'casas_compartidas_duplex': 124.31315399231669, 'departamentos': 87.73035311365163, 'otras_viviendas': 7.490059852258593}","{'casas_unicas': 0.6854803921448416, 'casas_compartidas_duplex': 0.1780990744875597, 'departamentos': 0.12568818497657827, 'otras_viviendas': 0.010730744774009445}"
1403900014090,791,790,"{'casas_unicas': 554.1957800745598, 'casas_compartidas_duplex': 135.94447960792098, 'departamentos': 94.47396557588405, 'otras_viviendas': 6.380476085522681}","{'casas_unicas': 0.7006267763268772, 'casas_compartidas_duplex': 0.17186407030078507, 'departamentos': 0.11943611324384835, 'otras_viviendas': 0.008066341448195551}"
1403900014118,1157,1157,"{'casas_unicas': 795.3076027968868, 'casas_compartidas_duplex': 204.1164220162247, 'departamentos': 148.87943027119826, 'otras_viviendas': 8.689051515306899}","{'casas_unicas': 0.6873877292972228, 'casas_compartidas_duplex': 0.17641868800019422, 'departamentos': 0.12867712210129495, 'otras_viviendas': 0.007509984023601468}"
140390001418A,1323,1323,"{'casas_unicas': 840.0705178984272, 'casas_compartidas_duplex': 227.91157171060553, 'departamentos': 242.45413771578166, 'otras_viviendas': 12.55746287808255}","{'casas_unicas': 0.6349739364311618, 'casas_compartidas_duplex': 0.17226876168602082, 'departamentos': 0.18326087506861802, 'otras_viviendas': 0.009491657504219615}"
1403900014194,889,887,"{'casas_unicas': 598.0475475710123, 'casas_compartidas_duplex': 163.6948219296506, 'departamentos': 116.62195377731678, 'otras_viviendas': 10.642707045208331}","{'casas_unicas': 0.6727194010922523, 'casas_compartidas_duplex': 0.18413365796361147, 'departamentos': 0.1311833000869705, 'otras_viviendas': 0.011971548982236593}"
1403900014226,985,985,"{'casas_unicas': 664.9159302911586, 'casas_compartidas_duplex': 178.36317900162123, 'departamentos': 131.25954949035759, 'otras_viviendas': 10.436732227409232}","{'casas_unicas': 0.6750415535950849, 'casas_compartidas_duplex': 0.18107936954479312, 'departamentos': 0.13325842587853562, 'otras_viviendas': 0.010595667235948458}"
1403900014245,1017,1017,"{'casas_unicas': 666.0756350792367, 'casas_compartidas_duplex': 196.11124422907344, 'departamentos': 136.27689011524333, 'otras_viviendas': 18.5400242449691}","{'casas_unicas': 0.654941627413212, 'casas_compartidas_duplex': 0.19283308183783032, 'departamentos': 0.13399890866788922, 'otras_viviendas': 0.018230112335269517}"
1403900014283,1411,1407,"{'casas_unicas': 989.8053141573721, 'casas_compartidas_duplex': 238.6490868047418, 'departamentos': 167.12763376915103, 'otras_viviendas': 15.40308264758394}","{'casas_unicas': 0.7014920724006889, 'casas_compartidas_duplex': 0.16913471779216288, 'departamentos': 0.11844623229564212, 'otras_viviendas': 0.010916429941590318}"
1403900014300,1286,1286,"{'casas_unicas': 887.2678381427204, 'casas_compartidas_duplex': 224.71662990156346, 'departamentos': 159.42931781093665, 'otras_viviendas': 14.534020273408396}","{'casas_unicas': 0.6899438865806535, 'casas_compartidas_duplex': 0.17474076975238217, 'departamentos': 0.12397303095718247, 'otras_viviendas': 0.011301726495651941}"
1403900014353,882,881,"{'casas_unicas': 603.9676230472929, 'casas_compartidas_duplex': 159.70990453347736, 'departamentos': 108.6747533900909, 'otras_viviendas': 9.646926214398345}","{'casas_unicas': 0.6847705476726678, 'casas_compartidas_duplex': 0.18107698926698113, 'departamentos': 0.12321400611121418, 'otras_viviendas': 0.010937558066211276}"
1403900014387,1779,1777,"{'casas_unicas': 1183.2891443615251, 'casas_compartidas_duplex': 335.9067513319867, 'departamentos': 236.79427404854246, 'otras_viviendas': 22.990116951064092}","{'casas_unicas': 0.6651428579884908, 'casas_compartidas_duplex': 0.18881773543113362, 'departamentos': 0.13310526927967536, 'otras_viviendas': 0.012923056183847157}"
1403900014404,1002,1002,"{'casas_unicas': 640.5798452945098, 'casas_compartidas_duplex': 198.22634701257442, 'departamentos': 136.72691209074472, 'otras_viviendas': 26.463757152461607}","{'casas_unicas': 0.639301242808892, 'casas_compartidas_duplex': 0.19783068564129183, 'departamentos': 0.13645400408257957, 'otras_viviendas': 0.02641093528189781}"
1403900014423,1783,1782,"{'casas_unicas': 1227.4213622257696, 'casas_compartidas_duplex': 316.40055241175514, 'departamentos': 220.19706044262188, 'otras_viviendas': 18.974874150338838}","{'casas_unicas': 0.688402334394711, 'casas_compartidas_duplex': 0.17745403949060862, 'departamentos': 0.12349807091566005, 'otras_viviendas': 0.010642105524587121}"
1403900014442,1021,1019,"{'casas_unicas': 687.9239649547525, 'casas_compartidas_duplex': 185.9959387486513, 'departamentos': 134.81934769702949, 'otras_viviendas': 12.244958621442198}","{'casas_unicas': 0.673774696331785, 'casas_compartidas_duplex': 0.18217036116420304, 'departamentos': 0.13204637384625806, 'otras_viviendas': 0.011993103449012926}"
1403900014457,689,688,"{'casas_unicas': 472.04885840461344, 'casas_compartidas_duplex': 120.76454798058614, 'departamentos': 88.98677993914626, 'otras_viviendas': 7.199828577074036}","{'casas_unicas': 0.6851217103114854, 'casas_compartidas_duplex': 0.17527510592247625, 'departamentos': 0.12915352676218617, 'otras_viviendas': 0.010449678631457236}"
1403900014461,1042,1039,"{'casas_unicas': 721.7597563705663, 'casas_compartidas_duplex': 180.0159670525189, 'departamentos': 130.22420262529437, 'otras_viviendas': 9.998704401019026}","{'casas_unicas': 0.6926677124477604, 'casas_compartidas_duplex': 0.17276004515596824, 'departamentos': 0.12497524244270093, 'otras_viviendas': 0.009595685605584478}"
1403900014476,1936,1933,"{'casas_unicas': 1309.1878577330472, 'casas_compartidas_duplex': 351.916920501001, 'departamentos': 249.25705618529832, 'otras_viviendas': 25.63908796646827}","{'casas_unicas': 0.6762333975893838, 'casas_compartidas_duplex': 0.18177526885382284, 'departamentos': 0.12874847943455492, 'otras_viviendas': 0.013243330561192288}"
1403900014480,1379,1379,"{'casas_unicas': 936.7274960093731, 'casas_compartidas_duplex': 252.00579137774346, 'departamentos': 180.1412679830677, 'otras_viviendas': 10.126367312421973}","{'casas_unicas': 0.6792802726681458, 'casas_compartidas_duplex': 0.18274531644506414, 'departamentos': 0.13063181144529928, 'otras_viviendas': 0.007343268536926739}"
1403900014527,955,955,"{'casas_unicas': 670.8291872758844, 'casas_compartidas_duplex': 162.8185700321328, 'departamentos': 113.81646871517682, 'otras_viviendas': 7.535607964335146}","{'casas_unicas': 0.7024389395558999, 'casas_compartidas_duplex': 0.17049064924830662, 'departamentos': 0.11917954839285531, 'otras_viviendas': 0.007890688967890205}"
1403900014584,807,807,"{'casas_unicas': 577.8224287207072, 'casas_compartidas_duplex': 132.6597528665913, 'departamentos': 94.53977852741725, 'otras_viviendas': 1.9371265759245493}","{'casas_unicas': 0.7160129228261551, 'casas_compartidas_duplex': 0.16438631086318625, 'departamentos': 0.11714966360274753, 'otras_viviendas': 0.002400404678964745}"
1403900014599,1218,1217,"{'casas_unicas': 870.2758063635334, 'casas_compartidas_duplex': 198.0782173610445, 'departamentos': 138.4498057100001, 'otras_viviendas': 11.200437027089094}","{'casas_unicas': 0.7145121562918993, 'casas_compartidas_duplex': 0.16262579422089038, 'departamentos': 0.113669791223317, 'otras_viviendas': 0.009195761105984478}"
1403900014616,977,977,"{'casas_unicas': 665.1949681611071, 'casas_compartidas_duplex': 177.23063563231102, 'departamentos': 118.46986324572241, 'otras_viviendas': 16.12633710748335}","{'casas_unicas': 0.6808546245251864, 'casas_compartidas_duplex': 0.181402902387217, 'departamentos': 0.12125881601404545, 'otras_viviendas': 0.01650597452147733}"
140390001464A,1430,1429,"{'casas_unicas': 1023.8106904690626, 'casas_compartidas_duplex': 225.9535151339756, 'departamentos': 169.52710377843556, 'otras_viviendas': 10.682711206456478}","{'casas_unicas': 0.7159515317965472, 'casas_compartidas_duplex': 0.15800945114264028, 'departamentos': 0.11855042222268221, 'otras_viviendas': 0.007470427417102432}"
1403900014654,1433,1433,"{'casas_unicas': 962.6546993528838, 'casas_compartidas_duplex': 270.00642700515056, 'departamentos': 190.64482493271262, 'otras_viviendas': 9.730788125679188}","{'casas_unicas': 0.671775784614713, 'casas_compartidas_duplex': 0.18842039567700666, 'departamentos': 0.1330389566871686, 'otras_viviendas': 0.00679050113445861}"
1403900014669,645,644,"{'casas_unicas': 450.64136069531827, 'casas_compartidas_duplex': 110.76087421429106, 'departamentos': 80.25211406811874, 'otras_viviendas': 3.3469040346141297}","{'casas_unicas': 0.6986687762718112, 'casas_compartidas_duplex': 0.17172228560355204, 'departamentos': 0.12442188227615308, 'otras_viviendas': 0.00518899850327772}"
1403900014724,1003,1003,"{'casas_unicas': 693.8196227186093, 'casas_compartidas_duplex': 174.6618032543829, 'departamentos': 127.90045160896972, 'otras_viviendas': 6.608461962825693}","{'casas_unicas': 0.6917443895499594, 'casas_compartidas_duplex': 0.17413938509908564, 'departamentos': 0.12751789791522405, 'otras_viviendas': 0.006588695875200092}"
1403900014743,876,876,"{'casas_unicas': 602.4075992506787, 'casas_compartidas_duplex': 154.83291599568474, 'departamentos': 113.33030451080717, 'otras_viviendas': 5.428250092867474}","{'casas_unicas': 0.6876799078204094, 'casas_compartidas_duplex': 0.17674990410466296, 'departamentos': 0.12937249373379814, 'otras_viviendas': 0.006196632526104423}"
1403900014762,804,804,"{'casas_unicas': 571.466812750896, 'casas_compartidas_duplex': 133.90889012331309, 'departamentos': 95.12107107474709, 'otras_viviendas': 3.5073435995569957}","{'casas_unicas': 0.7107796178493732, 'casas_compartidas_duplex': 0.16655334592451876, 'departamentos': 0.11830978989396404, 'otras_viviendas': 0.004362367661140542}"
1403900014777,1013,1012,"{'casas_unicas': 711.1829086891751, 'casas_compartidas_duplex': 171.26905374156345, 'departamentos': 124.82935297987386, 'otras_viviendas': 5.69018095912626}","{'casas_unicas': 0.7020561783703604, 'casas_compartidas_duplex': 0.1690711290637349, 'departamentos': 0.12322739682119828, 'otras_viviendas': 0.005617157906343791}"
1403900014781,817,816,"{'casas_unicas': 536.912027664507, 'casas_compartidas_duplex': 156.94931678903885, 'departamentos': 113.16783101406641, 'otras_viviendas': 9.942266355656676}","{'casas_unicas': 0.657175064460841, 'casas_compartidas_duplex': 0.19210442691436824, 'departamentos': 0.13851631703068104, 'otras_viviendas': 0.012169236665430447}"
1403900014809,1516,1516,"{'casas_unicas': 997.0190992536942, 'casas_compartidas_duplex': 272.1371602120728, 'departamentos': 234.5240189772559, 'otras_viviendas': 12.322752437561311}","{'casas_unicas': 0.6576643134918827, 'casas_compartidas_duplex': 0.1795100001398897, 'departamentos': 0.1546992209612506, 'otras_viviendas': 0.008128464668576063}"
1403900014813,1144,1144,"{'casas_unicas': 786.3535529541687, 'casas_compartidas_duplex': 200.97810889140166, 'departamentos': 140.66157629231185, 'otras_viviendas': 15.98194671111864}","{'casas_unicas': 0.6873719868480496, 'casas_compartidas_duplex': 0.1756801651148616, 'departamentos': 0.12295592333244043, 'otras_viviendas': 0.013970233139089721}"
1403900014828,1321,1320,"{'casas_unicas': 905.0661705338641, 'casas_compartidas_duplex': 234.89736541312647, 'departamentos': 161.6173037033708, 'otras_viviendas': 19.41449011218503}","{'casas_unicas': 0.6851371465055747, 'casas_compartidas_duplex': 0.17781783907125395, 'departamentos': 0.1223446659374495, 'otras_viviendas': 0.014696813105363386}"
1403900014847,1137,1137,"{'casas_unicas': 759.6164943366977, 'casas_compartidas_duplex': 211.9936109840205, 'departamentos': 144.6188337306577, 'otras_viviendas': 20.785735489630127}","{'casas_unicas': 0.6680883855204025, 'casas_compartidas_duplex': 0.18644996568515437, 'departamentos': 0.12719334540954944, 'otras_viviendas': 0.018281209753412603}"
1403900014870,619,619,"{'casas_unicas': 431.74612980399996, 'casas_compartidas_duplex': 106.56641259333716, 'departamentos': 76.53335309652785, 'otras_viviendas': 4.145894574455936}","{'casas_unicas': 0.6974897088917609, 'casas_compartidas_duplex': 0.1721589864189615, 'departamentos': 0.12364031194915645, 'otras_viviendas': 0.006697729522545939}"
140390001489A,852,851,"{'casas_unicas': 586.2868897095188, 'casas_compartidas_duplex': 148.62375839242827, 'departamentos': 108.00448738302046, 'otras_viviendas': 9.081850758466178}","{'casas_unicas': 0.6881301522412193, 'casas_compartidas_duplex': 0.17444103097702848, 'departamentos': 0.1267658302617611, 'otras_viviendas': 0.010659449247026031}"
1403900014902,794,793,"{'casas_unicas': 551.2600680928653, 'casas_compartidas_duplex': 130.2684901777308, 'departamentos': 105.02583705541397, 'otras_viviendas': 7.433878954828654}","{'casas_unicas': 0.6942822016282938, 'casas_compartidas_duplex': 0.1640661085361849, 'departamentos': 0.132274353974073, 'otras_viviendas': 0.009362567953184704}"
1403900014917,839,839,"{'casas_unicas': 592.1515731819525, 'casas_compartidas_duplex': 138.5050668095079, 'departamentos': 100.02375641186907, 'otras_viviendas': 8.306519170519806}","{'casas_unicas': 0.7057825663670471, 'casas_compartidas_duplex': 0.1650835122878521, 'departamentos': 0.1192178264742182, 'otras_viviendas': 0.009900499607294166}"
1403900014921,672,669,"{'casas_unicas': 440.88499337128576, 'casas_compartidas_duplex': 128.43769541346296, 'departamentos': 92.35412869481837, 'otras_viviendas': 10.2990487290271}","{'casas_unicas': 0.656078859183461, 'casas_compartidas_duplex': 0.19112752293670082, 'departamentos': 0.137431739129194, 'otras_viviendas': 0.01532596537057604}"
140390001496A,1029,1029,"{'casas_unicas': 733.2575822279351, 'casas_compartidas_duplex': 167.49273011624322, 'departamentos': 123.72174586525017, 'otras_viviendas': 4.509803719502834}","{'casas_unicas': 0.7125924025538728, 'casas_compartidas_duplex': 0.16277233247448322, 'departamentos': 0.1202349328136542, 'otras_viviendas': 0.0043827052667666025}"
1403900015008,1090,1090,"{'casas_unicas': 716.2496396440282, 'casas_compartidas_duplex': 211.00581007268894, 'departamentos': 141.98881058134646, 'otras_viviendas': 20.769114825421088}","{'casas_unicas': 0.6571097611413103, 'casas_compartidas_duplex': 0.19358331199329262, 'departamentos': 0.13026496383609767, 'otras_viviendas': 0.01905423378478999}"
1403900015012,1368,1367,"{'casas_unicas': 869.0720965220603, 'casas_compartidas_duplex': 274.0396552441272, 'departamentos': 180.95560485354488, 'otras_viviendas': 43.93969433162928}","{'casas_unicas': 0.635286620264664, 'casas_compartidas_duplex': 0.20032138541237365, 'departamentos': 0.13227748892802987, 'otras_viviendas': 0.032119659599144215}"
1403900015065,1209,1208,"{'casas_unicas': 792.4488680072077, 'casas_compartidas_duplex': 235.64736554140816, 'departamentos': 164.0219783233626, 'otras_viviendas': 16.880440538847093}","{'casas_unicas': 0.6554581207669211, 'casas_compartidas_duplex': 0.19491097232539964, 'departamentos': 0.13566747586713201, 'otras_viviendas': 0.013962316409302806}"
1403900015099,619,619,"{'casas_unicas': 433.315999232648, 'casas_compartidas_duplex': 108.00746564339852, 'departamentos': 72.49887367782219, 'otras_viviendas': 5.172002061254584}","{'casas_unicas': 0.7000258469025008, 'casas_compartidas_duplex': 0.17448702042552264, 'departamentos': 0.11712257460068205, 'otras_viviendas': 0.008355415284740845}"
1403900015120,955,954,"{'casas_unicas': 663.0788197173031, 'casas_compartidas_duplex': 166.10101015231652, 'departamentos': 116.18616725134365, 'otras_viviendas': 9.65073199840972}","{'casas_unicas': 0.694323371431731, 'casas_compartidas_duplex': 0.1739277593217974, 'departamentos': 0.12166090811659021, 'otras_viviendas': 0.010105478532366199}"
1403900015154,667,666,"{'casas_unicas': 462.74649604077024, 'casas_compartidas_duplex': 117.51513384302632, 'departamentos': 80.50239978889394, 'otras_viviendas': 6.2318881994667095}","{'casas_unicas': 0.6937728576323392, 'casas_compartidas_duplex': 0.1761846084603093, 'departamentos': 0.1206932530568125, 'otras_viviendas': 0.009343160718840645}"
1403900015188,915,914,"{'casas_unicas': 625.4601417523369, 'casas_compartidas_duplex': 161.84834505010463, 'departamentos': 116.31275708945142, 'otras_viviendas': 11.38166970764991}","{'casas_unicas': 0.6835629964506414, 'casas_compartidas_duplex': 0.1768834372132291, 'departamentos': 0.12711776731087587, 'otras_viviendas': 0.012438983287049083}"
1403900015205,1672,1672,"{'casas_unicas': 1147.7672621076904, 'casas_compartidas_duplex': 278.4853697256494, 'departamentos': 230.26357252549775, 'otras_viviendas': 15.483011290396986}","{'casas_unicas': 0.6864636735093842, 'casas_compartidas_duplex': 0.16655823548184773, 'departamentos': 0.13771744768271396, 'otras_viviendas': 0.00926017421674461}"
140390001521A,1058,1058,"{'casas_unicas': 741.8746891834799, 'casas_compartidas_duplex': 177.31642880794632, 'departamentos': 126.77211713926918, 'otras_viviendas': 12.042527542106804}","{'casas_unicas': 0.7012048101923251, 'casas_compartidas_duplex': 0.1675958684385126, 'departamentos': 0.11982241695583098, 'otras_viviendas': 0.011382351174013991}"
1403900015224,2087,2087,"{'casas_unicas': 1509.0183132875436, 'casas_compartidas_duplex': 325.8702796445442, 'departamentos': 236.71524396896467, 'otras_viviendas': 15.395622419834005}","{'casas_unicas': 0.7230562114458762, 'casas_compartidas_duplex': 0.15614292268545482, 'departamentos': 0.11342369140822457, 'otras_viviendas': 0.00737691539043316}"
1403900015243,911,911,"{'casas_unicas': 639.0269909304195, 'casas_compartidas_duplex': 152.97839176933246, 'departamentos': 114.2008448609586, 'otras_viviendas': 4.794989824975725}","{'casas_unicas': 0.7014566310981554, 'casas_compartidas_duplex': 0.16792359140431665, 'departamentos': 0.1253576782227866, 'otras_viviendas': 0.005263435592728568}"
1403900015277,1311,1311,"{'casas_unicas': 916.8182512640532, 'casas_compartidas_duplex': 226.91919584424957, 'departamentos': 161.60068296470365, 'otras_viviendas': 5.6465469831743835}","{'casas_unicas': 0.6993274227795981, 'casas_compartidas_duplex': 0.1730886314601446, 'departamentos': 0.12326520439718051, 'otras_viviendas': 0.0043070533815212685}"
1403900015296,896,896,"{'casas_unicas': 638.6249348942091, 'casas_compartidas_duplex': 148.0715999245357, 'departamentos': 105.34813480274295, 'otras_viviendas': 3.9568334651996517}","{'casas_unicas': 0.7127510434087155, 'casas_compartidas_duplex': 0.16525848205863358, 'departamentos': 0.11757604330663275, 'otras_viviendas': 0.004416108778124611}"
1403900015313,710,710,"{'casas_unicas': 478.9413998125992, 'casas_compartidas_duplex': 121.58044822353713, 'departamentos': 94.35872500003646, 'otras_viviendas': 15.130407817006622}","{'casas_unicas': 0.6745653518487312, 'casas_compartidas_duplex': 0.17124006792047483, 'departamentos': 0.1328996126761077, 'otras_viviendas': 0.02131043354507975}"
1403900015332,446,444,"{'casas_unicas': 304.1420243877418, 'casas_compartidas_duplex': 79.88225516819132, 'departamentos': 56.69363186231844, 'otras_viviendas': 5.281285921642165}","{'casas_unicas': 0.6819327901070444, 'casas_compartidas_duplex': 0.17910819544437515, 'departamentos': 0.12711576650744044, 'otras_viviendas': 0.01184144825480306}"
1403900015347,788,788,"{'casas_unicas': 500.41211789615886, 'casas_compartidas_duplex': 165.0844857127389, 'departamentos': 102.33246015515887, 'otras_viviendas': 20.186902233606077}","{'casas_unicas': 0.6350407587514706, 'casas_compartidas_duplex': 0.2094980783156585, 'departamentos': 0.12986352811568386, 'otras_viviendas': 0.025617896235540706}"
1403900015417,909,903,"{'casas_unicas': 594.1195843588788, 'casas_compartidas_duplex': 174.88927696006627, 'departamentos': 119.11621940291542, 'otras_viviendas': 20.87411363259139}","{'casas_unicas': 0.6535969024850152, 'casas_compartidas_duplex': 0.19239744440051296, 'departamentos': 0.13104094543775074, 'otras_viviendas': 0.022963821377988327}"
1403900015436,899,897,"{'casas_unicas': 596.439715935046, 'casas_compartidas_duplex': 172.03643206209884, 'departamentos': 112.96246287080238, 'otras_viviendas': 17.56483064361988}","{'casas_unicas': 0.6634479598832548, 'casas_compartidas_duplex': 0.1913642180890977, 'departamentos': 0.12565346259266116, 'otras_viviendas': 0.01953818759023346}"
140390001546A,615,615,"{'casas_unicas': 405.54822056903095, 'casas_compartidas_duplex': 116.10029679693662, 'departamentos': 84.51644574272161, 'otras_viviendas': 8.827652930358763}","{'casas_unicas': 0.6594280009252536, 'casas_compartidas_duplex': 0.18878097040152295, 'departamentos': 0.13742511502881563, 'otras_viviendas': 0.014353907203835387}"
1403900015474,857,857,"{'casas_unicas': 574.4297716415194, 'casas_compartidas_duplex': 160.8087797149816, 'departamentos': 107.92263697342591, 'otras_viviendas': 13.840081265456282}","{'casas_unicas': 0.670279780211808, 'casas_compartidas_duplex': 0.18764151658690967, 'departamentos': 0.1259307315909287, 'otras_viviendas': 0.016149453051874308}"
1403900015489,280,279,"{'casas_unicas': 191.37271869540112, 'casas_compartidas_duplex': 48.997310583414524, 'departamentos': 34.89609637310076, 'otras_viviendas': 4.724592760246798}","{'casas_unicas': 0.6834739953407183, 'casas_compartidas_duplex': 0.17499039494076615, 'departamentos': 0.124628915618217, 'otras_viviendas': 0.016873545572309995}"
1403900015506,985,980,"{'casas_unicas': 653.2607678897083, 'casas_compartidas_duplex': 183.5304355829531, 'departamentos': 129.23469707896717, 'otras_viviendas': 18.96608344902829}","{'casas_unicas': 0.6632089014108714, 'casas_compartidas_duplex': 0.18632531531264274, 'departamentos': 0.1312027381512357, 'otras_viviendas': 0.019254907054851056}"
1403900015525,1070,1069,"{'casas_unicas': 706.6105591577353, 'casas_compartidas_duplex': 204.50648644064367, 'departamentos': 139.51307984635142, 'otras_viviendas': 19.358681790145397}","{'casas_unicas': 0.6603837001474162, 'casas_compartidas_duplex': 0.1911275574211623, 'departamentos': 0.13038605593116956, 'otras_viviendas': 0.018092225972098502}"
140390001553A,854,854,"{'casas_unicas': 553.06230776791, 'casas_compartidas_duplex': 170.39733285832475, 'departamentos': 115.32930194239866, 'otras_viviendas': 15.204953715989129}","{'casas_unicas': 0.647613943522143, 'casas_compartidas_duplex': 0.19952849280834278, 'departamentos': 0.13504602100983448, 'otras_viviendas': 0.017804395451977904}"
1403900015559,707,707,"{'casas_unicas': 473.36105704342145, 'casas_compartidas_duplex': 128.83507825466248, 'departamentos': 96.65556551325882, 'otras_viviendas': 8.149908980302206}","{'casas_unicas': 0.669534734149111, 'casas_compartidas_duplex': 0.182227833457797, 'departamentos': 0.13671225673728263, 'otras_viviendas': 0.011527452588829146}"
1403900015578,1259,1257,"{'casas_unicas': 829.5733162130284, 'casas_compartidas_duplex': 238.07336945720303, 'departamentos': 172.1990223516662, 'otras_viviendas': 19.138400086573704}","{'casas_unicas': 0.6589144687950981, 'casas_compartidas_duplex': 0.18909719575631695, 'departamentos': 0.13677444189965543, 'otras_viviendas': 0.01520127091864472}"
1403900015597,798,798,"{'casas_unicas': 550.4892529996367, 'casas_compartidas_duplex': 135.95937741620196, 'departamentos': 100.96933087860909, 'otras_viviendas': 10.589581114295113}","{'casas_unicas': 0.6898361566411488, 'casas_compartidas_duplex': 0.170375159669426, 'departamentos': 0.12652798355715425, 'otras_viviendas': 0.01327015177229964}"
1403900015648,651,651,"{'casas_unicas': 473.35475327662806, 'casas_compartidas_duplex': 99.57621531108943, 'departamentos': 76.76556781917778, 'otras_viviendas': 1.2965460619471272}","{'casas_unicas': 0.727119436676848, 'casas_compartidas_duplex': 0.15295885608462279, 'departamentos': 0.11791945901563407, 'otras_viviendas': 0.0019916222149725456}"
1403900015652,829,829,"{'casas_unicas': 577.0003920148329, 'casas_compartidas_duplex': 145.96496768533035, 'departamentos': 100.20201786286947, 'otras_viviendas': 5.821786151979729}","{'casas_unicas': 0.6960197732386404, 'casas_compartidas_duplex': 0.17607354364937317, 'departamentos': 0.12087095037740588, 'otras_viviendas': 0.007022661220723436}"
1403900015671,1060,1060,"{'casas_unicas': 741.7267398645008, 'casas_compartidas_duplex': 176.99530204574575, 'departamentos': 129.7606520160834, 'otras_viviendas': 11.51824943949077}","{'casas_unicas': 0.6997422074193403, 'casas_compartidas_duplex': 0.16697670004315637, 'departamentos': 0.1224157094491353, 'otras_viviendas': 0.010866273056123367}"
1404400010083,149,149,"{'casas_unicas': 133.15856354535944, 'casas_compartidas_duplex': 11.258433733529042, 'departamentos': 4.583344258332762, 'otras_viviendas': 0.0}","{'casas_unicas': 0.8936816345326137, 'casas_compartidas_duplex': 0.07555995794314793, 'departamentos': 0.030760699720354105, 'otras_viviendas': 0.0}"
1404400010098,906,906,"{'casas_unicas': 808.693749019787, 'casas_compartidas_duplex': 68.73774641819877, 'departamentos': 28.573192141815074, 'otras_viviendas': 0.0}","{'casas_unicas': 0.8925979569754823, 'casas_compartidas_duplex': 0.0758694772827801, 'departamentos': 0.031537739670877564, 'otras_viviendas': 0.0}"
1404400010100,532,532,"{'casas_unicas': 475.50139614594315, 'casas_compartidas_duplex': 40.31019339142039, 'departamentos': 16.189980450817963, 'otras_viviendas': 0.0}","{'casas_unicas': 0.8937996168156827, 'casas_compartidas_duplex': 0.07577104020943683, 'departamentos': 0.03043229408048489, 'otras_viviendas': 0.0}"
1404400010280,420,420,"{'casas_unicas': 377.8175830271269, 'casas_compartidas_duplex': 31.208353975668153, 'departamentos': 10.97348050945118, 'otras_viviendas': 0.0}","{'casas_unicas': 0.8995656738741117, 'casas_compartidas_duplex': 0.0743056047039718, 'departamentos': 0.026127334546312334, 'otras_viviendas': 0.0}"
1404400010295,298,298,"{'casas_unicas': 269.83247576148773, 'casas_compartidas_duplex': 21.518921979266707, 'departamentos': 6.649366942504827, 'otras_viviendas': 0.0}","{'casas_unicas': 0.9054781065821735, 'casas_compartidas_duplex': 0.0722111475814319, 'departamentos': 0.02231331188760009, 'otras_viviendas': 0.0}"
140440002005A,85,85,"{'casas_unicas': 76.03091089765965, 'casas_compartidas_duplex': 6.844648473835292, 'departamentos': 2.1233016600517094, 'otras_viviendas': 0.0}","{'casas_unicas': 0.8944813046783489, 'casas_compartidas_duplex': 0.08052527616276814, 'departamentos': 0.02498001953002011, 'otras_viviendas': 0.0}"
1404400020115,551,549,"{'casas_unicas': 490.2917783406088, 'casas_compartidas_duplex': 43.202307902589965, 'departamentos': 15.50427817828305, 'otras_viviendas': 2.0}","{'casas_unicas': 0.8898217392751521, 'casas_compartidas_duplex': 0.07840709238219594, 'departamentos': 0.028138435895250544, 'otras_viviendas': 0.003629764065335753}"
140440002012A,635,635,"{'casas_unicas': 565.9276902684835, 'casas_compartidas_duplex': 49.93790097961433, 'departamentos': 19.14948539099838, 'otras_viviendas': 0.0}","{'casas_unicas': 0.891224709084226, 'casas_compartidas_duplex': 0.07864236374742413, 'departamentos': 0.03015666990708406, 'otras_viviendas': 0.0}"
1404400020134,329,329,"{'casas_unicas': 293.33124857955073, 'casas_compartidas_duplex': 27.082893588021285, 'departamentos': 8.585749673299627, 'otras_viviendas': 0.0}","{'casas_unicas': 0.8915843421870843, 'casas_compartidas_duplex': 0.08231882549550543, 'departamentos': 0.026096503566260264, 'otras_viviendas': 0.0}"
1404400020153,17,17,"{'casas_unicas': 15.253198903654157, 'casas_compartidas_duplex': 1.382811169774318, 'departamentos': 0.36408653433932975, 'otras_viviendas': 0.0}","{'casas_unicas': 0.8972469943325975, 'casas_compartidas_duplex': 0.08134183351613634, 'departamentos': 0.021416854961137044, 'otras_viviendas': 0.0}"
1404400020346,23,23,"{'casas_unicas': 20.919508410207452, 'casas_compartidas_duplex': 1.6111613080173086, 'departamentos': 0.4694876573956579, 'otras_viviendas': 0.0}","{'casas_unicas': 0.9095438439220631, 'casas_compartidas_duplex': 0.07005049165292646, 'departamentos': 0.020412506843289473, 'otras_viviendas': 0.0}"
1404400050257,94,94,"{'casas_unicas': 84.71053443358645, 'casas_compartidas_duplex': 7.021677672006398, 'departamentos': 2.2679217815005472, 'otras_viviendas': 0.0}","{'casas_unicas': 0.9011758982296431, 'casas_compartidas_duplex': 0.07469869863836594, 'departamentos': 0.02412682746277178, 'otras_viviendas': 0.0}"
1404400100223,1131,1131,"{'casas_unicas': 1060.8627350033348, 'casas_compartidas_duplex': 59.43188948574035, 'departamentos': 10.700287473821728, 'otras_viviendas': 0.0}","{'casas_unicas': 0.937986503097555, 'casas_compartidas_duplex': 0.05254808973098174, 'departamentos': 0.009460908464917532, 'otras_viviendas': 0.0}"
1404400100238,864,864,"{'casas_unicas': 808.5987931547453, 'casas_compartidas_duplex': 46.120085193806624, 'departamentos': 9.273875386546681, 'otras_viviendas': 0.0}","{'casas_unicas': 0.9358782328179922, 'casas_compartidas_duplex': 0.05337972823357248, 'departamentos': 0.010733652067762363, 'otras_viviendas': 0.0}"
1404400100242,842,842,"{'casas_unicas': 783.7951892162374, 'casas_compartidas_duplex': 46.64697720837681, 'departamentos': 11.557323211568137, 'otras_viviendas': 0.0}","{'casas_unicas': 0.9308731463375741, 'casas_compartidas_duplex': 0.05540021046125512, 'departamentos': 0.01372603706837071, 'otras_viviendas': 0.0}"
140440010037A,290,290,"{'casas_unicas': 252.231037495233, 'casas_compartidas_duplex': 24.132873291306804, 'departamentos': 13.641788083131754, 'otras_viviendas': 0.0}","{'casas_unicas': 0.8697621982594241, 'casas_compartidas_duplex': 0.08321680445278208, 'departamentos': 0.04704064856252329, 'otras_viviendas': 0.0}"
140440011,4538,4538,"{'casas_unicas': 4083.8563628398897, 'casas_compartidas_duplex': 319.87709825849754, 'departamentos': 134.2657231972787, 'otras_viviendas': 0.0}","{'casas_unicas': 0.8999242756368201, 'casas_compartidas_duplex': 0.07048856285995979, 'departamentos': 0.02958698175347702, 'otras_viviendas': 0.0}"
140440026,1228,1227,"{'casas_unicas': 1098.064309363975, 'casas_compartidas_duplex': 92.68748521630236, 'departamentos': 36.244272398380346, 'otras_viviendas': 1.0}","{'casas_unicas': 0.8941891770064944, 'casas_compartidas_duplex': 0.07547840815659801, 'departamentos': 0.029514879803241325, 'otras_viviendas': 0.0008143322475570033}"
1404400540401,1493,1493,"{'casas_unicas': 1324.2102690326506, 'casas_compartidas_duplex': 110.85398708153183, 'departamentos': 57.953302509001034, 'otras_viviendas': 0.0}","{'casas_unicas': 0.8869459270145014, 'casas_compartidas_duplex': 0.0742491541068532, 'departamentos': 0.03881667951038247, 'otras_viviendas': 0.0}"
1404400540416,1133,1133,"{'casas_unicas': 1063.8711291362695, 'casas_compartidas_duplex': 60.432268748232445, 'departamentos': 8.67907863777415, 'otras_viviendas': 0.0}","{'casas_unicas': 0.9389859921767604, 'casas_compartidas_duplex': 0.053338277800734725, 'departamentos': 0.007660263581442322, 'otras_viviendas': 0.0}"
1404400540420,1218,1217,"{'casas_unicas': 1065.9606397201946, 'casas_compartidas_duplex': 98.00104109395451, 'departamentos': 53.03519205254243, 'otras_viviendas': 1.0}","{'casas_unicas': 0.8751729390149381, 'casas_compartidas_duplex': 0.08046062487188384, 'departamentos': 0.043542850617850924, 'otras_viviendas': 0.0008210180623973727}"
1404400540435,786,786,"{'casas_unicas': 729.0278398725268, 'casas_compartidas_duplex': 41.89591075914734, 'departamentos': 15.074724222075375, 'otras_viviendas': 0.0}","{'casas_unicas': 0.9275163357156829, 'casas_compartidas_duplex': 0.05330268544420781, 'departamentos': 0.019179038450477574, 'otras_viviendas': 0.0}"
1404401700399,431,431,"{'casas_unicas': 379.5874784547605, 'casas_compartidas_duplex': 33.681010612016706, 'departamentos': 17.73351292170586, 'otras_viviendas': 0.0}","{'casas_unicas': 0.8807134070876114, 'casas_compartidas_duplex': 0.078146196315584, 'departamentos': 0.04114504158168413, 'otras_viviendas': 0.0}"
140510001004A,451,451,"{'casas_unicas': 386.8896196019017, 'casas_compartidas_duplex': 64.11080716901735, 'departamentos': 0.0, 'otras_viviendas': 0.0}","{'casas_unicas': 0.8578483804920215, 'casas_compartidas_duplex': 0.14215256578496085, 'departamentos': 0.0, 'otras_viviendas': 0.0}"
1405100010054,1007,1007,"{'casas_unicas': 849.4450390371587, 'casas_compartidas_duplex': 157.56010067627628, 'departamentos': 0.0, 'otras_viviendas': 0.0}","{'casas_unicas': 0.8435402572365032, 'casas_compartidas_duplex': 0.15646484674903305, 'departamentos': 0.0, 'otras_viviendas': 0.0}"
1405100010069,644,644,"{'casas_unicas': 542.9162240086438, 'casas_compartidas_duplex': 101.08391451599486, 'departamentos': 0.0, 'otras_viviendas': 0.0}","{'casas_unicas': 0.8430376149202543, 'casas_compartidas_duplex': 0.15696260018011624, 'departamentos': 0.0, 'otras_viviendas': 0.0}"
1405100010139,90,89,"{'casas_unicas': 77.47973572481959, 'casas_compartidas_duplex': 11.519774152947141, 'departamentos': 0.0, 'otras_viviendas': 1.0}","{'casas_unicas': 0.8608859524979955, 'casas_compartidas_duplex': 0.12799749058830157, 'departamentos': 0.0, 'otras_viviendas': 0.011111111111111112}"
1405100020181,1073,1073,"{'casas_unicas': 870.3105657264689, 'casas_compartidas_duplex': 202.71814431007016, 'departamentos': 0.0, 'otras_viviendas': 0.0}","{'casas_unicas': 0.8111002476481537, 'casas_compartidas_duplex': 0.18892650914265624, 'departamentos': 0.0, 'otras_viviendas': 0.0}"
1405100020196,1328,1328,"{'casas_unicas': 1068.9137614257832, 'casas_compartidas_duplex': 259.0895783818541, 'departamentos': 0.0, 'otras_viviendas': 0.0}","{'casas_unicas': 0.8049049408326681, 'casas_compartidas_duplex': 0.19509757408272146, 'departamentos': 0.0, 'otras_viviendas': 0.0}"
1405100020209,1020,1020,"{'casas_unicas': 803.1576381034633, 'casas_compartidas_duplex': 216.83833584771824, 'departamentos': 0.0, 'otras_viviendas': 0.0}","{'casas_unicas': 0.7874094491210425, 'casas_compartidas_duplex': 0.2125866037722728, 'departamentos': 0.0, 'otras_viviendas': 0.0}"
1405100020213,1414,1414,"{'casas_unicas': 1133.3824008632105, 'casas_compartidas_duplex': 280.6224388109853, 'departamentos': 0.0, 'otras_viviendas': 0.0}","{'casas_unicas': 0.8015434235241942, 'casas_compartidas_duplex': 0.19845999915911264, 'departamentos': 0.0, 'otras_viviendas': 0.0}"
140510016,854,853,"{'casas_unicas': 742.3883233206238, 'casas_compartidas_duplex': 110.60155725638855, 'departamentos': 0.0, 'otras_viviendas': 1.0}","{'casas_unicas': 0.869307170164665, 'casas_compartidas_duplex': 0.12951002020654395, 'departamentos': 0.0, 'otras_viviendas': 0.00117096018735363}"
1407000010045,770,770,"{'casas_unicas': 621.0912767563581, 'casas_compartidas_duplex': 147.86415958341235, 'departamentos': 0.0, 'otras_viviendas': 1.0481539596259304}","{'casas_unicas': 0.80661204773553, 'casas_compartidas_duplex': 0.19203137608235368, 'departamentos': 0.0, 'otras_viviendas': 0.0013612389086051044}"
1407000010098,563,563,"{'casas_unicas': 461.42303613128274, 'casas_compartidas_duplex': 101.00366495821332, 'departamentos': 0.0, 'otras_viviendas': 0.5753325668618353}","{'casas_unicas': 0.8195791050289214, 'casas_compartidas_duplex': 0.17940260205721725, 'departamentos': 0.0, 'otras_viviendas': 0.0010219050921169365}"
1407000010100,760,760,"{'casas_unicas': 629.7407798860261, 'casas_compartidas_duplex': 129.4735734188773, 'departamentos': 0.0, 'otras_viviendas': 0.7849813337678013}","{'casas_unicas': 0.8286062893237185, 'casas_compartidas_duplex': 0.17035996502483855, 'departamentos': 0.0, 'otras_viviendas': 0.001032870176010265}"
1407000010115,650,649,"{'casas_unicas': 530.7968667383922, 'casas_compartidas_duplex': 117.32940099853553, 'departamentos': 0.0, 'otras_viviendas': 1.8693994487538534}","{'casas_unicas': 0.816610564212911, 'casas_compartidas_duplex': 0.18050677076697774, 'departamentos': 0.0, 'otras_viviendas': 0.002875999151929005}"
140700001012A,518,516,"{'casas_unicas': 414.5906065103988, 'casas_compartidas_duplex': 100.53419608847285, 'departamentos': 0.0, 'otras_viviendas': 2.8259902086859787}","{'casas_unicas': 0.8003679662362911, 'casas_compartidas_duplex': 0.19408145963025647, 'departamentos': 0.0, 'otras_viviendas': 0.005455579553447836}"
1407000010134,954,952,"{'casas_unicas': 775.2770136767598, 'casas_compartidas_duplex': 175.65738113625326, 'departamentos': 0.0, 'otras_viviendas': 3.069942801671501}","{'casas_unicas': 0.8126593434766874, 'casas_compartidas_duplex': 0.18412723389544366, 'departamentos': 0.0, 'otras_viviendas': 0.00321796939378564}"
1407000010702,726,723,"{'casas_unicas': 569.5924870652818, 'casas_compartidas_duplex': 151.59644082350624, 'departamentos': 0.0, 'otras_viviendas': 4.79884122971567}","{'casas_unicas': 0.7845626543598924, 'casas_compartidas_duplex': 0.2088105245502841, 'departamentos': 0.0, 'otras_viviendas': 0.00660997414561387}"
1407000011058,341,341,"{'casas_unicas': 263.10321466345107, 'casas_compartidas_duplex': 76.39182723381028, 'departamentos': 0.0, 'otras_viviendas': 1.5190717402927705}","{'casas_unicas': 0.7715636793649592, 'casas_compartidas_duplex': 0.22402295376483952, 'departamentos': 0.0, 'otras_viviendas': 0.004454755836635691}"
1407000011503,858,858,"{'casas_unicas': 653.1506480260739, 'casas_compartidas_duplex': 201.46982390771092, 'departamentos': 0.0, 'otras_viviendas': 3.3776218260627817}","{'casas_unicas': 0.7612478415222307, 'casas_compartidas_duplex': 0.23481331457775165, 'departamentos': 0.0, 'otras_viviendas': 0.003936622174898347}"
140700013005A,344,344,"{'casas_unicas': 274.79996505878836, 'casas_compartidas_duplex': 68.58890923368963, 'departamentos': 0.0, 'otras_viviendas': 0.6121995056904117}","{'casas_unicas': 0.7988371077290359, 'casas_compartidas_duplex': 0.19938636405142335, 'departamentos': 0.0, 'otras_viviendas': 0.0017796497258442201}"
1407000130327,876,872,"{'casas_unicas': 694.3110921114566, 'casas_compartidas_duplex': 175.87829928530002, 'departamentos': 0.0, 'otras_viviendas': 5.819265998277385}","{'casas_unicas': 0.7925925709034892, 'casas_compartidas_duplex': 0.2007743142526256, 'departamentos': 0.0, 'otras_viviendas': 0.006642997714928521}"
1407000130350,861,860,"{'casas_unicas': 673.1567658466302, 'casas_compartidas_duplex': 183.8452407970034, 'departamentos': 0.0, 'otras_viviendas': 4.00922061548504}","{'casas_unicas': 0.7818313192179212, 'casas_compartidas_duplex': 0.21352525063531175, 'departamentos': 0.0, 'otras_viviendas': 0.004656469936684135}"
1407000130365,699,698,"{'casas_unicas': 546.9767243143405, 'casas_compartidas_duplex': 149.14515159924153, 'departamentos': 0.0, 'otras_viviendas': 2.8872340470015474}","{'casas_unicas': 0.7825131964439778, 'casas_compartidas_duplex': 0.2133693155926202, 'departamentos': 0.0, 'otras_viviendas': 0.004130520811161012}"
1407000130401,113,112,"{'casas_unicas': 92.7199271009293, 'casas_compartidas_duplex': 19.19843805038898, 'departamentos': 0.0, 'otras_viviendas': 1.078355462383963}","{'casas_unicas': 0.820530328326808, 'casas_compartidas_duplex': 0.16989768186184936, 'departamentos': 0.0, 'otras_viviendas': 0.00954296869366339}"
1407000130416,895,895,"{'casas_unicas': 709.5719901344256, 'casas_compartidas_duplex': 183.18266826551007, 'departamentos': 0.0, 'otras_viviendas': 2.242141064171208}","{'casas_unicas': 0.7928178660719839, 'casas_compartidas_duplex': 0.2046733723636984, 'departamentos': 0.0, 'otras_viviendas': 0.002505185546560009}"
1407000130420,637,637,"{'casas_unicas': 496.8566293481147, 'casas_compartidas_duplex': 138.03901107230402, 'departamentos': 0.0, 'otras_viviendas': 2.1099860198078804}","{'casas_unicas': 0.7799947085527703, 'casas_compartidas_duplex': 0.21670174422653693, 'departamentos': 0.0, 'otras_viviendas': 0.0033123799369040507}"
1407000130435,574,571,"{'casas_unicas': 453.4985649796837, 'casas_compartidas_duplex': 115.89224186915737, 'departamentos': 0.0, 'otras_viviendas': 4.57072910044603}","{'casas_unicas': 0.7900671863757556, 'casas_compartidas_duplex': 0.20190286039922886, 'departamentos': 0.0, 'otras_viviendas': 0.007962942683703886}"
1407000131429,778,775,"{'casas_unicas': 621.8887477717129, 'casas_compartidas_duplex': 151.0500468808468, 'departamentos': 0.0, 'otras_viviendas': 5.057052730099926}","{'casas_unicas': 0.7993428634597852, 'casas_compartidas_duplex': 0.19415173120931464, 'departamentos': 0.0, 'otras_viviendas': 0.006500067776478054}"
1407000131448,887,887,"{'casas_unicas': 695.8450928718465, 'casas_compartidas_duplex': 188.62037235394743, 'departamentos': 0.0, 'otras_viviendas': 2.5333308488084763}","{'casas_unicas': 0.7844927766311686, 'casas_compartidas_duplex': 0.2126497997226014, 'departamentos': 0.0, 'otras_viviendas': 0.0028560663458945617}"
1407000131452,699,697,"{'casas_unicas': 555.0830682853504, 'casas_compartidas_duplex': 140.14693690948883, 'departamentos': 0.0, 'otras_viviendas': 3.7654812123729577}","{'casas_unicas': 0.7941102550577258, 'casas_compartidas_duplex': 0.2004963332038467, 'departamentos': 0.0, 'otras_viviendas': 0.005386954524138709}"
1407000131486,896,895,"{'casas_unicas': 715.6398135744719, 'casas_compartidas_duplex': 177.52792735035428, 'departamentos': 0.0, 'otras_viviendas': 2.828593982897368}","{'casas_unicas': 0.7987051490786516, 'casas_compartidas_duplex': 0.19813384748923468, 'departamentos': 0.0, 'otras_viviendas': 0.0031569129273408126}"
1407000140219,382,382,"{'casas_unicas': 306.3115585011999, 'casas_compartidas_duplex': 74.83939257077569, 'departamentos': 0.0, 'otras_viviendas': 0.8483365964649935}","{'casas_unicas': 0.8018627185895285, 'casas_compartidas_duplex': 0.1959146402376327, 'departamentos': 0.0, 'otras_viviendas': 0.002220776430536632}"
1407000140223,534,534,"{'casas_unicas': 422.4583045733361, 'casas_compartidas_duplex': 110.43338801596798, 'departamentos': 0.0, 'otras_viviendas': 1.0995640312229014}","{'casas_unicas': 0.7911204205493185, 'casas_compartidas_duplex': 0.20680409740817973, 'departamentos': 0.0, 'otras_viviendas': 0.0020591086727020625}"
1407000140276,732,732,"{'casas_unicas': 584.523783356638, 'casas_compartidas_duplex': 145.9686711674235, 'departamentos': 0.0, 'otras_viviendas': 1.5048291555512368}","{'casas_unicas': 0.7985297586839316, 'casas_compartidas_duplex': 0.19941075296096109, 'departamentos': 0.0, 'otras_viviendas': 0.0020557775349060612}"
1407000140346,507,507,"{'casas_unicas': 403.518010669839, 'casas_compartidas_duplex': 102.11084746686033, 'departamentos': 0.0, 'otras_viviendas': 1.3680537053272022}","{'casas_unicas': 0.7958935121693077, 'casas_compartidas_duplex': 0.20140206600958646, 'departamentos': 0.0, 'otras_viviendas': 0.0026983307797380715}"
140700014044A,576,576,"{'casas_unicas': 456.80171311136036, 'casas_compartidas_duplex': 117.48653342328423, 'departamentos': 0.0, 'otras_viviendas': 1.7076444314012533}","{'casas_unicas': 0.7930585297072228, 'casas_compartidas_duplex': 0.20396967608209068, 'departamentos': 0.0, 'otras_viviendas': 0.0029646604711827313}"
1407000140469,310,310,"{'casas_unicas': 248.3975569308321, 'casas_compartidas_duplex': 60.99633345339877, 'departamentos': 0.0, 'otras_viviendas': 0.6089287408624295}","{'casas_unicas': 0.8012824417123616, 'casas_compartidas_duplex': 0.1967623659787057, 'departamentos': 0.0, 'otras_viviendas': 0.001964286260846547}"
1407000140488,493,491,"{'casas_unicas': 391.21874949581775, 'casas_compartidas_duplex': 98.47983808843672, 'departamentos': 0.0, 'otras_viviendas': 3.333869170576009}","{'casas_unicas': 0.7935471592207256, 'casas_compartidas_duplex': 0.1997562638710684, 'departamentos': 0.0, 'otras_viviendas': 0.006762412110701843}"
1407000140558,213,213,"{'casas_unicas': 184.3429495921353, 'casas_compartidas_duplex': 28.650315983239146, 'departamentos': 0.0, 'otras_viviendas': 0.006721984186422278}","{'casas_unicas': 0.8654598572400719, 'casas_compartidas_duplex': 0.13450852574290678, 'departamentos': 0.0, 'otras_viviendas': 3.155861120386046e-05}"
1407000140810,273,273,"{'casas_unicas': 216.25985790638225, 'casas_compartidas_duplex': 56.04965389125207, 'departamentos': 0.0, 'otras_viviendas': 0.7029182884703804}","{'casas_unicas': 0.7921606516717299, 'casas_compartidas_duplex': 0.20531008751374386, 'departamentos': 0.0, 'otras_viviendas': 0.002574792265459269}"
1407000140825,758,756,"{'casas_unicas': 594.9026180468628, 'casas_compartidas_duplex': 158.94375433968017, 'departamentos': 0.0, 'otras_viviendas': 4.123052997247967}","{'casas_unicas': 0.7848319499298981, 'casas_compartidas_duplex': 0.2096883302634303, 'departamentos': 0.0, 'otras_viviendas': 0.005439383901382542}"
140700014083A,509,509,"{'casas_unicas': 404.45864563103464, 'casas_compartidas_duplex': 103.46461895782554, 'departamentos': 0.0, 'otras_viviendas': 1.0764266042999118}","{'casas_unicas': 0.7946142350315022, 'casas_compartidas_duplex': 0.203270371233449, 'departamentos': 0.0, 'otras_viviendas': 0.002114787041846585}"
1407000140844,485,485,"{'casas_unicas': 392.7978635903117, 'casas_compartidas_duplex': 91.57503447392703, 'departamentos': 0.0, 'otras_viviendas': 0.6267412864124341}","{'casas_unicas': 0.8098925022480653, 'casas_compartidas_duplex': 0.18881450406995265, 'departamentos': 0.0, 'otras_viviendas': 0.0012922500750771836}"
1407000140859,435,434,"{'casas_unicas': 355.3843097771736, 'casas_compartidas_duplex': 78.13714083704375, 'departamentos': 0.0, 'otras_viviendas': 1.4952023700208668}","{'casas_unicas': 0.8169754247751118, 'casas_compartidas_duplex': 0.1796256111196408, 'departamentos': 0.0, 'otras_viviendas': 0.0034372468276341766}"
1407000200079,985,985,"{'casas_unicas': 798.2982155365906, 'casas_compartidas_duplex': 185.986095814675, 'departamentos': 0.0, 'otras_viviendas': 0.718323564875027}","{'casas_unicas': 0.8104550411538991, 'casas_compartidas_duplex': 0.18881837138545685, 'departamentos': 0.0, 'otras_viviendas': 0.000729262502411195}"
1407000200191,777,773,"{'casas_unicas': 610.7614804522806, 'casas_compartidas_duplex': 160.262595584813, 'departamentos': 0.0, 'otras_viviendas': 5.9595086259081125}","{'casas_unicas': 0.7860508113928965, 'casas_compartidas_duplex': 0.2062581667758211, 'departamentos': 0.0, 'otras_viviendas': 0.007669895271439012}"
1407000200204,497,497,"{'casas_unicas': 399.2202066204551, 'casas_compartidas_duplex': 96.95287388700083, 'departamentos': 0.0, 'otras_viviendas': 0.7892901727548529}","{'casas_unicas': 0.8032599730793865, 'casas_compartidas_duplex': 0.1950762050040258, 'departamentos': 0.0, 'otras_viviendas': 0.0015881089995067462}"
1407000200613,116,116,"{'casas_unicas': 94.01083873123494, 'casas_compartidas_duplex': 21.885074036703305, 'departamentos': 0.0, 'otras_viviendas': 0.1065504989595432}","{'casas_unicas': 0.8104382649244392, 'casas_compartidas_duplex': 0.18866443135089056, 'departamentos': 0.0, 'otras_viviendas': 0.0009185387841339931}"
1407000200789,2233,2233,"{'casas_unicas': 1734.5741445028455, 'casas_compartidas_duplex': 496.9247118000521, 'departamentos': 0.0, 'otras_viviendas': 1.4323316895588765}","{'casas_unicas': 0.7767909290205309, 'casas_compartidas_duplex': 0.2225368167487918, 'departamentos': 0.0, 'otras_viviendas': 0.0006414382846210822}"
1407000201236,1072,1072,"{'casas_unicas': 865.1399993695458, 'casas_compartidas_duplex': 205.81673905746155, 'departamentos': 0.0, 'otras_viviendas': 1.044427028965167}","{'casas_unicas': 0.8070335815014419, 'casas_compartidas_duplex': 0.19199322673270666, 'departamentos': 0.0, 'otras_viviendas': 0.000974278944930193}"
1407000201255,470,470,"{'casas_unicas': 357.5308263212139, 'casas_compartidas_duplex': 111.11026177167487, 'departamentos': 0.0, 'otras_viviendas': 1.3402935166319512}","{'casas_unicas': 0.7607038857898168, 'casas_compartidas_duplex': 0.2364048122801593, 'departamentos': 0.0, 'otras_viviendas': 0.0028516883332594706}"
140700020126A,882,882,"{'casas_unicas': 672.2771818469009, 'casas_compartidas_duplex': 209.16997860181735, 'departamentos': 0.0, 'otras_viviendas': 0.5758857980116605}","{'casas_unicas': 0.7622190270373026, 'casas_compartidas_duplex': 0.2371541707503598, 'departamentos': 0.0, 'otras_viviendas': 0.0006529317437773929}"
1407000201382,1263,1263,"{'casas_unicas': 991.9761757289988, 'casas_compartidas_duplex': 267.8557422628272, 'departamentos': 0.0, 'otras_viviendas': 3.189125909375947}","{'casas_unicas': 0.7854126490332531, 'casas_compartidas_duplex': 0.21207897249630026, 'departamentos': 0.0, 'otras_viviendas': 0.002525040308294495}"
1407000201397,2757,2757,"{'casas_unicas': 2146.3926253837913, 'casas_compartidas_duplex': 608.5165922801609, 'departamentos': 0.0, 'otras_viviendas': 2.137010857575108}","{'casas_unicas': 0.7785247099687309, 'casas_compartidas_duplex': 0.2207169359014004, 'departamentos': 0.0, 'otras_viviendas': 0.0007751218199401915}"
1407000210736,697,697,"{'casas_unicas': 543.8179371458884, 'casas_compartidas_duplex': 151.93299797426903, 'departamentos': 0.0, 'otras_viviendas': 1.2428801996050036}","{'casas_unicas': 0.7802265956182044, 'casas_compartidas_duplex': 0.21798134573065858, 'departamentos': 0.0, 'otras_viviendas': 0.0017831853652869492}"
1407000210755,128,128,"{'casas_unicas': 98.3494487223833, 'casas_compartidas_duplex': 29.105880181636902, 'departamentos': 0.0, 'otras_viviendas': 0.5418363939629551}","{'casas_unicas': 0.7683550681436195, 'casas_compartidas_duplex': 0.2273896889190383, 'departamentos': 0.0, 'otras_viviendas': 0.004233096827835587}"
140700021076A,137,137,"{'casas_unicas': 104.51832881099976, 'casas_compartidas_duplex': 31.957955529780552, 'departamentos': 0.0, 'otras_viviendas': 0.5290810694747903}","{'casas_unicas': 0.7629075095693413, 'casas_compartidas_duplex': 0.23326974839255876, 'departamentos': 0.0, 'otras_viviendas': 0.0038619056166043085}"
1407000210967,249,249,"{'casas_unicas': 191.30217841449385, 'casas_compartidas_duplex': 57.13177678968714, 'departamentos': 0.0, 'otras_viviendas': 0.5650629373774604}","{'casas_unicas': 0.7682818410220636, 'casas_compartidas_duplex': 0.22944488670557084, 'departamentos': 0.0, 'otras_viviendas': 0.002269329065772933}"
1407000211005,492,492,"{'casas_unicas': 378.54793307985335, 'casas_compartidas_duplex': 111.81008713756385, 'departamentos': 0.0, 'otras_viviendas': 1.6454815745048517}","{'casas_unicas': 0.7694063680484824, 'casas_compartidas_duplex': 0.22725627466984524, 'departamentos': 0.0, 'otras_viviendas': 0.0033444747449285603}"
140700021101A,941,937,"{'casas_unicas': 729.8223468559275, 'casas_compartidas_duplex': 204.28124869006828, 'departamentos': 0.0, 'otras_viviendas': 6.908260678433754}","{'casas_unicas': 0.7755816650966286, 'casas_compartidas_duplex': 0.21708953102026385, 'departamentos': 0.0, 'otras_viviendas': 0.007341403483989112}"
1407000211109,395,393,"{'casas_unicas': 314.0364903154482, 'casas_compartidas_duplex': 77.93146289044827, 'departamentos': 0.0, 'otras_viviendas': 3.0390353707191124}","{'casas_unicas': 0.795029089406198, 'casas_compartidas_duplex': 0.19729484276062853, 'departamentos': 0.0, 'otras_viviendas': 0.007693760432200284}"
1407000211113,567,567,"{'casas_unicas': 447.93762429063673, 'casas_compartidas_duplex': 117.69810804579708, 'departamentos': 0.0, 'otras_viviendas': 1.390267470518211}","{'casas_unicas': 0.7900134467206997, 'casas_compartidas_duplex': 0.20758043747054158, 'departamentos': 0.0, 'otras_viviendas': 0.002451970847474799}"
1407000211151,393,393,"{'casas_unicas': 308.2727411573024, 'casas_compartidas_duplex': 83.63531364710768, 'departamentos': 0.0, 'otras_viviendas': 1.09294461292399}","{'casas_unicas': 0.7844090105783776, 'casas_compartidas_duplex': 0.21281250291884907, 'departamentos': 0.0, 'otras_viviendas': 0.002781029549424911}"
1407000430295,976,976,"{'casas_unicas': 775.7855572156216, 'casas_compartidas_duplex': 197.625700289562, 'departamentos': 0.0, 'otras_viviendas': 2.5889320210604514}","{'casas_unicas': 0.7948622512455139, 'casas_compartidas_duplex': 0.2024853486573381, 'departamentos': 0.0, 'otras_viviendas': 0.0026525942838734134}"
1407000430308,629,629,"{'casas_unicas': 493.55156600520525, 'casas_compartidas_duplex': 133.48300968271795, 'departamentos': 0.0, 'otras_viviendas': 1.9584198923114753}","{'casas_unicas': 0.7846606772737762, 'casas_compartidas_duplex': 0.2122146417849252, 'departamentos': 0.0, 'otras_viviendas': 0.0031135451388099766}"
1407000430492,308,308,"{'casas_unicas': 244.5767687119386, 'casas_compartidas_duplex': 62.806634046023106, 'departamentos': 0.0, 'otras_viviendas': 0.621710301919638}","{'casas_unicas': 0.7940804178959046, 'casas_compartidas_duplex': 0.20391764300656853, 'departamentos': 0.0, 'otras_viviendas': 0.0020185399412975262}"
1407000430651,68,68,"{'casas_unicas': 51.28835672984022, 'casas_compartidas_duplex': 16.377078003840037, 'departamentos': 0.0, 'otras_viviendas': 0.33488565303967466}","{'casas_unicas': 0.7542405401447091, 'casas_compartidas_duplex': 0.2408393824094123, 'departamentos': 0.0, 'otras_viviendas': 0.004924789015289333}"
1407000430806,212,212,"{'casas_unicas': 167.2230117916221, 'casas_compartidas_duplex': 44.229278504399026, 'departamentos': 0.0, 'otras_viviendas': 0.5480142675876595}","{'casas_unicas': 0.7887877914699155, 'casas_compartidas_duplex': 0.20862867219056144, 'departamentos': 0.0, 'otras_viviendas': 0.0025849729603191485}"
1407000430897,704,704,"{'casas_unicas': 553.2863687205779, 'casas_compartidas_duplex': 148.27764863769534, 'departamentos': 0.0, 'otras_viviendas': 2.433847899895844}","{'casas_unicas': 0.7859181373871845, 'casas_compartidas_duplex': 0.21062165999672633, 'departamentos': 0.0, 'otras_viviendas': 0.003457170312352051}"
140700043090A,322,322,"{'casas_unicas': 256.0359225666333, 'casas_compartidas_duplex': 65.02241657899874, 'departamentos': 0.0, 'otras_viviendas': 0.9450824650111838}","{'casas_unicas': 0.795142616666563, 'casas_compartidas_duplex': 0.20193297074223213, 'departamentos': 0.0, 'otras_viviendas': 0.0029350387112148566}"
1407000431024,453,450,"{'casas_unicas': 351.4512246444057, 'casas_compartidas_duplex': 97.07746785370307, 'departamentos': 0.0, 'otras_viviendas': 4.455859202742205}","{'casas_unicas': 0.7758305179788206, 'casas_compartidas_duplex': 0.21429904603466463, 'departamentos': 0.0, 'otras_viviendas': 0.00983633378088787}"
1407000431039,318,317,"{'casas_unicas': 246.2975138915561, 'casas_compartidas_duplex': 69.42844992683122, 'departamentos': 0.0, 'otras_viviendas': 2.2720652607489744}","{'casas_unicas': 0.7745204839357109, 'casas_compartidas_duplex': 0.21832845888940636, 'departamentos': 0.0, 'otras_viviendas': 0.007144859310531366}"
1407000431147,473,473,"{'casas_unicas': 373.0676277396789, 'casas_compartidas_duplex': 98.4353525097168, 'departamentos': 0.0, 'otras_viviendas': 1.4998925436601522}","{'casas_unicas': 0.7887264857075664, 'casas_compartidas_duplex': 0.20810856767381986, 'departamentos': 0.0, 'otras_viviendas': 0.003171020176871358}"
1407000641306,881,881,"{'casas_unicas': 685.5330279315023, 'casas_compartidas_duplex': 192.28488615097984, 'departamentos': 0.0, 'otras_viviendas': 3.187848240146245}","{'casas_unicas': 0.7781305651889924, 'casas_compartidas_duplex': 0.218257532520976, 'departamentos': 0.0, 'otras_viviendas': 0.003618442951357826}"
1407001111310,549,549,"{'casas_unicas': 421.06110223290256, 'casas_compartidas_duplex': 126.47792336555004, 'departamentos': 0.0, 'otras_viviendas': 1.4618237949119393}","{'casas_unicas': 0.7669601133568352, 'casas_compartidas_duplex': 0.2303787310847906, 'departamentos': 0.0, 'otras_viviendas': 0.002662702722972567}"
1407001111325,1011,1010,"{'casas_unicas': 799.325021034466, 'casas_compartidas_duplex': 208.99988129143304, 'departamentos': 0.0, 'otras_viviendas': 2.6715117610577077}","{'casas_unicas': 0.7906281118046152, 'casas_compartidas_duplex': 0.2067258964306954, 'departamentos': 0.0, 'otras_viviendas': 0.0026424448675150423}"
140700111133A,2241,2240,"{'casas_unicas': 1665.7917257459997, 'casas_compartidas_duplex': 559.3189077366701, 'departamentos': 0.0, 'otras_viviendas': 15.888376631854461}","{'casas_unicas': 0.7433251788246317, 'casas_compartidas_duplex': 0.2495845192934717, 'departamentos': 0.0, 'otras_viviendas': 0.007089860165932379}"
1407001111359,584,584,"{'casas_unicas': 411.61337579127246, 'casas_compartidas_duplex': 165.88137341998575, 'departamentos': 0.0, 'otras_viviendas': 6.511392443972453}","{'casas_unicas': 0.7048174243001241, 'casas_compartidas_duplex': 0.2840434476369619, 'departamentos': 0.0, 'otras_viviendas': 0.011149644595843241}"
1407001111363,1016,1016,"{'casas_unicas': 772.4976125689974, 'casas_compartidas_duplex': 238.63039813571254, 'departamentos': 0.0, 'otras_viviendas': 4.873277419737704}","{'casas_unicas': 0.7603322958356273, 'casas_compartidas_duplex': 0.23487243910995328, 'departamentos': 0.0, 'otras_viviendas': 0.004796532893442622}"
1407001211518,1191,1191,"{'casas_unicas': 858.3615309744497, 'casas_compartidas_duplex': 320.4321789633597, 'departamentos': 0.0, 'otras_viviendas': 12.239859599185474}","{'casas_unicas': 0.7207065751254825, 'casas_compartidas_duplex': 0.26904465068292166, 'departamentos': 0.0, 'otras_viviendas': 0.010276960200827434}"
14070140A,1358,1357,"{'casas_unicas': 1034.8266289654741, 'casas_compartidas_duplex': 315.6001331823356, 'departamentos': 0.0, 'otras_viviendas': 7.59824645080292}","{'casas_unicas': 0.7620225544664758, 'casas_compartidas_duplex': 0.2324006871740321, 'departamentos': 0.0, 'otras_viviendas': 0.005595174116938822}"
140701467,1334,1334,"{'casas_unicas': 1056.140375034383, 'casas_compartidas_duplex': 275.50926931302644, 'departamentos': 0.0, 'otras_viviendas': 2.3458433957517046}","{'casas_unicas': 0.791709426562506, 'casas_compartidas_duplex': 0.20652868764094937, 'departamentos': 0.0, 'otras_viviendas': 0.0017585032951661953}"
1409700010195,457,457,"{'casas_unicas': 350.8617225056702, 'casas_compartidas_duplex': 26.467593250316064, 'departamentos': 73.5268735252508, 'otras_viviendas': 6.153190843427196}","{'casas_unicas': 0.7677499398373526, 'casas_compartidas_duplex': 0.05791595897224522, 'departamentos': 0.16089031405962978, 'otras_viviendas': 0.01346431256767439}"
1409700010208,219,219,"{'casas_unicas': 168.61482711052074, 'casas_compartidas_duplex': 11.632063243514661, 'departamentos': 36.19152778289072, 'otras_viviendas': 2.5629590404547047}","{'casas_unicas': 0.769930717399638, 'casas_compartidas_duplex': 0.05311444403431352, 'departamentos': 0.1652581177300946, 'otras_viviendas': 0.01170300931714477}"
1409700010212,633,633,"{'casas_unicas': 512.4901751039413, 'casas_compartidas_duplex': 34.588212065611835, 'departamentos': 82.44228599502904, 'otras_viviendas': 3.481619391340157}","{'casas_unicas': 0.8096211297060684, 'casas_compartidas_duplex': 0.0546417252221356, 'departamentos': 0.1302405781911991, 'otras_viviendas': 0.00550018861191178}"
1409700010528,391,391,"{'casas_unicas': 313.8569903962649, 'casas_compartidas_duplex': 16.82839769859746, 'departamentos': 57.13563990766495, 'otras_viviendas': 3.183022499577131}","{'casas_unicas': 0.8027033002462018, 'casas_compartidas_duplex': 0.04303938030331831, 'departamentos': 0.1461269562855881, 'otras_viviendas': 0.008140722505312356}"
1409700010532,632,631,"{'casas_unicas': 485.0218931891389, 'casas_compartidas_duplex': 24.726611724947528, 'departamentos': 114.4044966815214, 'otras_viviendas': 7.845020591451844}","{'casas_unicas': 0.7674397044131944, 'casas_compartidas_duplex': 0.03912438564073976, 'departamentos': 0.18101977323025537, 'otras_viviendas': 0.012413007264955448}"
1409700010918,750,749,"{'casas_unicas': 571.5813581972267, 'casas_compartidas_duplex': 44.4873742415867, 'departamentos': 126.42578283766896, 'otras_viviendas': 7.503990996578322}","{'casas_unicas': 0.7621084775963023, 'casas_compartidas_duplex': 0.05931649898878227, 'departamentos': 0.16856771045022528, 'otras_viviendas': 0.010005321328771096}"
1409700010922,864,864,"{'casas_unicas': 658.5952483333857, 'casas_compartidas_duplex': 53.898559771170454, 'departamentos': 145.592463715505, 'otras_viviendas': 5.895109510565536}","{'casas_unicas': 0.7622630189043816, 'casas_compartidas_duplex': 0.06238259232774358, 'departamentos': 0.16850979596701968, 'otras_viviendas': 0.006823043415006408}"
1409700010937,760,759,"{'casas_unicas': 569.9391887013405, 'casas_compartidas_duplex': 46.28574484088144, 'departamentos': 134.40783303061147, 'otras_viviendas': 9.367117733026731}","{'casas_unicas': 0.7499199851333428, 'casas_compartidas_duplex': 0.06090229584326506, 'departamentos': 0.17685241188238351, 'otras_viviendas': 0.012325154911877278}"
1409700010941,947,945,"{'casas_unicas': 747.706682359582, 'casas_compartidas_duplex': 53.41197099899527, 'departamentos': 137.7367662029927, 'otras_viviendas': 8.145522280724611}","{'casas_unicas': 0.7895529908760106, 'casas_compartidas_duplex': 0.056401236535369874, 'departamentos': 0.14544537085849282, 'otras_viviendas': 0.008601396283764108}"
1409700012098,1207,1207,"{'casas_unicas': 902.334875536813, 'casas_compartidas_duplex': 76.41446854533463, 'departamentos': 223.99736171112158, 'otras_viviendas': 4.25269432005721}","{'casas_unicas': 0.7475848181746586, 'casas_compartidas_duplex': 0.06330941884451916, 'departamentos': 0.1855819069686177, 'otras_viviendas': 0.0035233590058469013}"
1409700012100,949,949,"{'casas_unicas': 715.1724325880074, 'casas_compartidas_duplex': 59.196023704883686, 'departamentos': 171.32871128343868, 'otras_viviendas': 3.30527443632475}","{'casas_unicas': 0.7536063567839909, 'casas_compartidas_duplex': 0.06237726417795963, 'departamentos': 0.18053604982448754, 'otras_viviendas': 0.003482902461880664}"
1409700012115,2114,2114,"{'casas_unicas': 1582.2410154723532, 'casas_compartidas_duplex': 131.3821679056745, 'departamentos': 390.44498875301815, 'otras_viviendas': 9.927351295823946}","{'casas_unicas': 0.7484583800720687, 'casas_compartidas_duplex': 0.06214861301119891, 'departamentos': 0.18469488588127633, 'otras_viviendas': 0.00469600345119392}"
140970001212A,273,272,"{'casas_unicas': 209.76629711476556, 'casas_compartidas_duplex': 16.080400423814073, 'departamentos': 45.22494927835022, 'otras_viviendas': 1.9278399408344136}","{'casas_unicas': 0.768374714706101, 'casas_compartidas_duplex': 0.0589025656549966, 'departamentos': 0.16565915486575172, 'otras_viviendas': 0.0070616847649612215}"
1409700012134,601,601,"{'casas_unicas': 458.5356923154959, 'casas_compartidas_duplex': 29.47628706541207, 'departamentos': 101.47638898872003, 'otras_viviendas': 11.512972044304576}","{'casas_unicas': 0.7629545629209582, 'casas_compartidas_duplex': 0.049045402771068336, 'departamentos': 0.16884590513930123, 'otras_viviendas': 0.01915635947471643}"
1409700012331,201,201,"{'casas_unicas': 169.16418264214144, 'casas_compartidas_duplex': 9.421113351372222, 'departamentos': 22.301634906918064, 'otras_viviendas': 0.1153400775864407}","{'casas_unicas': 0.8416128489658778, 'casas_compartidas_duplex': 0.046871210703344386, 'departamentos': 0.11095340749710479, 'otras_viviendas': 0.0005738312317733369}"
1409700013113,58,58,"{'casas_unicas': 46.60387807870983, 'casas_compartidas_duplex': 3.329709044351179, 'departamentos': 7.515050785914627, 'otras_viviendas': 0.5513024384837808}","{'casas_unicas': 0.8035151392881006, 'casas_compartidas_duplex': 0.057408776626744464, 'departamentos': 0.12956984113645909, 'otras_viviendas': 0.00950521445661691}"
1409700050335,666,666,"{'casas_unicas': 496.05100346703387, 'casas_compartidas_duplex': 44.4722161780068, 'departamentos': 120.75702986808031, 'otras_viviendas': 4.720261373256298}","{'casas_unicas': 0.7448213265270779, 'casas_compartidas_duplex': 0.06677509936637659, 'departamentos': 0.18131686166378425, 'otras_viviendas': 0.00708747953942387}"
140970005034A,469,469,"{'casas_unicas': 350.14485542115193, 'casas_compartidas_duplex': 29.064885883064665, 'departamentos': 86.2055510294819, 'otras_viviendas': 3.5820851457558276}","{'casas_unicas': 0.7465775168894497, 'casas_compartidas_duplex': 0.06197203813020184, 'departamentos': 0.1838071450522002, 'otras_viviendas': 0.007637708199905816}"
1409700053147,889,888,"{'casas_unicas': 624.3703859166773, 'casas_compartidas_duplex': 58.34779897198767, 'departamentos': 200.67078014479435, 'otras_viviendas': 5.632264117541435}","{'casas_unicas': 0.7023288930446313, 'casas_compartidas_duplex': 0.06563306970977241, 'departamentos': 0.22572641186141096, 'otras_viviendas': 0.006335505194084854}"
1409700053151,322,322,"{'casas_unicas': 238.96269391262558, 'casas_compartidas_duplex': 19.362398326833794, 'departamentos': 62.17591462645665, 'otras_viviendas': 1.4986722669040884}","{'casas_unicas': 0.7421201674305142, 'casas_compartidas_duplex': 0.0601316718224652, 'departamentos': 0.19309290256663555, 'otras_viviendas': 0.004654261698459902}"
1409700053166,1212,1212,"{'casas_unicas': 928.5177605309099, 'casas_compartidas_duplex': 60.88928569897646, 'departamentos': 203.17200819962153, 'otras_viviendas': 19.41927415802879}","{'casas_unicas': 0.766103762814282, 'casas_compartidas_duplex': 0.05023868457011259, 'departamentos': 0.16763367013170094, 'otras_viviendas': 0.016022503430716824}"
1409700053503,536,536,"{'casas_unicas': 384.9627605226664, 'casas_compartidas_duplex': 34.400683325067874, 'departamentos': 114.56598369279908, 'otras_viviendas': 2.06814318976686}","{'casas_unicas': 0.7182141054527358, 'casas_compartidas_duplex': 0.0641803793378132, 'departamentos': 0.21374250688955052, 'otras_viviendas': 0.003858476100311306}"
1409700053518,600,600,"{'casas_unicas': 423.6807558019472, 'casas_compartidas_duplex': 40.29528288160233, 'departamentos': 133.29588000043066, 'otras_viviendas': 2.702497848161866}","{'casas_unicas': 0.7061345930032453, 'casas_compartidas_duplex': 0.06715880480267056, 'departamentos': 0.22215980000071775, 'otras_viviendas': 0.004504163080269776}"
1409700053575,262,262,"{'casas_unicas': 186.19634988385357, 'casas_compartidas_duplex': 16.897266453498407, 'departamentos': 57.741168914992535, 'otras_viviendas': 1.1602181044213429}","{'casas_unicas': 0.7106730911597464, 'casas_compartidas_duplex': 0.06449338341029927, 'departamentos': 0.22038614089691808, 'otras_viviendas': 0.004428313375653981}"
1409700053768,54,54,"{'casas_unicas': 39.111442943047706, 'casas_compartidas_duplex': 3.3792440585809596, 'departamentos': 11.159438137256375, 'otras_viviendas': 0.3509302100015278}","{'casas_unicas': 0.7242859804268094, 'casas_compartidas_duplex': 0.06257859367742517, 'departamentos': 0.206656261801044, 'otras_viviendas': 0.006498707592620885}"
1409700092810,990,990,"{'casas_unicas': 768.9047119626382, 'casas_compartidas_duplex': 61.93111959417682, 'departamentos': 155.7939177145347, 'otras_viviendas': 3.384206598051159}","{'casas_unicas': 0.776671426224887, 'casas_compartidas_duplex': 0.06255668645876447, 'departamentos': 0.15736759365104516, 'otras_viviendas': 0.0034183905030819787}"
1409700092825,661,661,"{'casas_unicas': 507.7811547800543, 'casas_compartidas_duplex': 36.31394533928885, 'departamentos': 113.12384680349261, 'otras_viviendas': 3.7744506790353642}","{'casas_unicas': 0.7682014444478885, 'casas_compartidas_duplex': 0.05493789007456709, 'departamentos': 0.1711404641505183, 'otras_viviendas': 0.00571021282758754}"
140970009283A,622,622,"{'casas_unicas': 471.2248278959473, 'casas_compartidas_duplex': 33.10080539356217, 'departamentos': 112.73368998590186, 'otras_viviendas': 4.966405169914708}","{'casas_unicas': 0.7575961863278896, 'casas_compartidas_duplex': 0.05321672892855654, 'departamentos': 0.18124387457540492, 'otras_viviendas': 0.007984574228158695}"
1409700092844,887,887,"{'casas_unicas': 667.2235736146091, 'casas_compartidas_duplex': 50.89882736733334, 'departamentos': 163.8321401605203, 'otras_viviendas': 5.065831775786907}","{'casas_unicas': 0.7522249984381163, 'casas_compartidas_duplex': 0.05738311991807592, 'departamentos': 0.1847036529430894, 'otras_viviendas': 0.005711197041473401}"
1409700092859,420,420,"{'casas_unicas': 297.8912427703581, 'casas_compartidas_duplex': 27.246710199010177, 'departamentos': 92.94086473156325, 'otras_viviendas': 1.9462913588170392}","{'casas_unicas': 0.7092648637389478, 'casas_compartidas_duplex': 0.0648731195214528, 'departamentos': 0.2212877731703887, 'otras_viviendas': 0.004634027044802474}"
1409700092863,969,969,"{'casas_unicas': 684.5205587550772, 'casas_compartidas_duplex': 63.13100978541564, 'departamentos': 216.9255219723651, 'otras_viviendas': 4.422017257691527}","{'casas_unicas': 0.7064195652787174, 'casas_compartidas_duplex': 0.0651506808931018, 'departamentos': 0.22386534775269876, 'otras_viviendas': 0.004563485302055239}"
1409700092878,536,536,"{'casas_unicas': 380.2065029934124, 'casas_compartidas_duplex': 36.84153052828614, 'departamentos': 116.40459740201089, 'otras_viviendas': 2.5474997697303476}","{'casas_unicas': 0.7093404906593516, 'casas_compartidas_duplex': 0.0687341987468025, 'departamentos': 0.21717275634703526, 'otras_viviendas': 0.004752798077855126}"
1409700092882,676,676,"{'casas_unicas': 488.74426186446726, 'casas_compartidas_duplex': 43.53414708332226, 'departamentos': 140.21984625707137, 'otras_viviendas': 3.505232254794421}","{'casas_unicas': 0.722994470213709, 'casas_compartidas_duplex': 0.06439962586290275, 'departamentos': 0.20742580807259078, 'otras_viviendas': 0.005185254814784646}"
140970015,540,540,"{'casas_unicas': 419.4777766795611, 'casas_compartidas_duplex': 34.14642485592125, 'departamentos': 83.91535234395273, 'otras_viviendas': 2.4576354595572885}","{'casas_unicas': 0.7768106975547427, 'casas_compartidas_duplex': 0.06323412010355788, 'departamentos': 0.1553988006369495, 'otras_viviendas': 0.004551176776957941}"
1409700150227,356,351,"{'casas_unicas': 264.00496054776005, 'casas_compartidas_duplex': 22.069987320854214, 'departamentos': 62.636099924917126, 'otras_viviendas': 7.2916684207131}","{'casas_unicas': 0.7415869678307867, 'casas_compartidas_duplex': 0.06199434640689386, 'departamentos': 0.17594410091268856, 'otras_viviendas': 0.02048221466492444}"
1409700150710,39,39,"{'casas_unicas': 27.09444869346555, 'casas_compartidas_duplex': 2.4035719960907764, 'departamentos': 9.292237176431586, 'otras_viviendas': 0.20996932065491863}","{'casas_unicas': 0.6947294536786038, 'casas_compartidas_duplex': 0.061630051181814784, 'departamentos': 0.238262491703374, 'otras_viviendas': 0.005383828734741503}"
1409700150956,488,487,"{'casas_unicas': 362.45510394689535, 'casas_compartidas_duplex': 31.444450644883677, 'departamentos': 89.96128876927814, 'otras_viviendas': 4.139603629407964}","{'casas_unicas': 0.7427358687436381, 'casas_compartidas_duplex': 0.06443534968213868, 'departamentos': 0.1843469032157339, 'otras_viviendas': 0.008482794322557304}"
1409700150960,635,631,"{'casas_unicas': 476.33083652574015, 'casas_compartidas_duplex': 38.84838578574709, 'departamentos': 111.70788647014528, 'otras_viviendas': 8.111608878251689}","{'casas_unicas': 0.7501273016153388, 'casas_compartidas_duplex': 0.0611785602925151, 'departamentos': 0.1759179314490477, 'otras_viviendas': 0.012774187209845179}"
1409700152064,224,224,"{'casas_unicas': 167.81630310225495, 'casas_compartidas_duplex': 11.726721777513513, 'departamentos': 41.27768555484712, 'otras_viviendas': 3.181591699650326}","{'casas_unicas': 0.7491799245636381, 'casas_compartidas_duplex': 0.052351436506756756, 'departamentos': 0.18427538194128176, 'otras_viviendas': 0.014203534373438955}"
1409700201013,1853,1851,"{'casas_unicas': 1603.1875465359383, 'casas_compartidas_duplex': 79.66598853365757, 'departamentos': 167.78531637600327, 'otras_viviendas': 2.3159474559848467}","{'casas_unicas': 0.8651848605158868, 'casas_compartidas_duplex': 0.04299297816171482, 'departamentos': 0.0905479311257438, 'otras_viviendas': 0.0012498367274607915}"
1409700213842,435,435,"{'casas_unicas': 354.92537815393143, 'casas_compartidas_duplex': 21.181297404636606, 'departamentos': 58.034571702459594, 'otras_viviendas': 0.8501139332154888}","{'casas_unicas': 0.8159204095492677, 'casas_compartidas_duplex': 0.04869263771180829, 'departamentos': 0.13341280851140136, 'otras_viviendas': 0.0019542849039436523}"
1409700213857,528,528,"{'casas_unicas': 440.7121052935041, 'casas_compartidas_duplex': 22.87411645960871, 'departamentos': 64.00731705951192, 'otras_viviendas': 0.41210973833472525}","{'casas_unicas': 0.8346820176013335, 'casas_compartidas_duplex': 0.043322190264410435, 'departamentos': 0.12122597927937863, 'otras_viviendas': 0.0007805108680581917}"
140970023276A,653,652,"{'casas_unicas': 491.8127091220914, 'casas_compartidas_duplex': 33.95849616373215, 'departamentos': 114.271186635355, 'otras_viviendas': 12.957728630443379}","{'casas_unicas': 0.7531588194825289, 'casas_compartidas_duplex': 0.052003822609084455, 'departamentos': 0.17499416023790965, 'otras_viviendas': 0.019843382282455403}"
1409700233202,418,418,"{'casas_unicas': 306.3161444892708, 'casas_compartidas_duplex': 26.445011653265695, 'departamentos': 83.0599969078788, 'otras_viviendas': 2.177599325763137}","{'casas_unicas': 0.7328137427972986, 'casas_compartidas_duplex': 0.06326557811786052, 'departamentos': 0.1987081265738727, 'otras_viviendas': 0.005209567764983582}"
1409700250299,920,920,"{'casas_unicas': 704.2144886089235, 'casas_compartidas_duplex': 60.38185329799825, 'departamentos': 148.250636394488, 'otras_viviendas': 7.159648627059511}","{'casas_unicas': 0.765450531096656, 'casas_compartidas_duplex': 0.06563244923695462, 'departamentos': 0.16114199608096522, 'otras_viviendas': 0.007782226768542947}"
1409700250354,824,823,"{'casas_unicas': 615.9553136698672, 'casas_compartidas_duplex': 55.11197083974961, 'departamentos': 147.29327002513784, 'otras_viviendas': 5.614441983016834}","{'casas_unicas': 0.7475185845508098, 'casas_compartidas_duplex': 0.06688345975697768, 'departamentos': 0.17875396847710903, 'otras_viviendas': 0.006813643183272857}"
1409700250369,1202,1202,"{'casas_unicas': 930.8419890005262, 'casas_compartidas_duplex': 74.20124566831359, 'departamentos': 191.55794601754343, 'otras_viviendas': 5.401923592463593}","{'casas_unicas': 0.7744109725461948, 'casas_compartidas_duplex': 0.06173148558095973, 'departamentos': 0.15936601166184977, 'otras_viviendas': 0.004494112805710144}"
1409700250462,479,479,"{'casas_unicas': 388.88573100750284, 'casas_compartidas_duplex': 25.28351958946772, 'departamentos': 63.993212009659445, 'otras_viviendas': 0.8359514614857213}","{'casas_unicas': 0.8118700021033463, 'casas_compartidas_duplex': 0.05278396574001611, 'departamentos': 0.13359751985315124, 'otras_viviendas': 0.0017452013809722783}"
1409700250477,940,940,"{'casas_unicas': 785.3934764327173, 'casas_compartidas_duplex': 45.75811468821171, 'departamentos': 107.65385343927969, 'otras_viviendas': 1.1851990007928057}","{'casas_unicas': 0.8355249749284227, 'casas_compartidas_duplex': 0.04867884541299118, 'departamentos': 0.11452537599923371, 'otras_viviendas': 0.0012608500008434104}"
1409700250763,1453,1453,"{'casas_unicas': 1247.9391468879617, 'casas_compartidas_duplex': 61.38954488419884, 'departamentos': 143.1987312233915, 'otras_viviendas': 0.5134595631722627}","{'casas_unicas': 0.8588707136186935, 'casas_compartidas_duplex': 0.04225020294851951, 'departamentos': 0.09855384117232725, 'otras_viviendas': 0.00035337891477788214}"
1409700251418,294,294,"{'casas_unicas': 255.04805890675928, 'casas_compartidas_duplex': 12.054167105370484, 'departamentos': 26.683527590749677, 'otras_viviendas': 0.21414320434909345}","{'casas_unicas': 0.8675104044447595, 'casas_compartidas_duplex': 0.04100056838561389, 'departamentos': 0.09076029792771999, 'otras_viviendas': 0.0007283782460853519}"
1409700251456,674,674,"{'casas_unicas': 505.7304304891646, 'casas_compartidas_duplex': 39.64068612482325, 'departamentos': 125.02008654511751, 'otras_viviendas': 3.609944363090924}","{'casas_unicas': 0.7503418849987605, 'casas_compartidas_duplex': 0.058814074369173956, 'departamentos': 0.1854897426485423, 'otras_viviendas': 0.00535600053871057}"
1409700252399,321,320,"{'casas_unicas': 243.627708048886, 'casas_compartidas_duplex': 21.173397954946797, 'departamentos': 52.525132082541816, 'otras_viviendas': 3.6716842546504376}","{'casas_unicas': 0.7589648225821994, 'casas_compartidas_duplex': 0.06596074129266914, 'departamentos': 0.16362969496118945, 'otras_viviendas': 0.01143826870607613}"
1409700252543,153,153,"{'casas_unicas': 128.51415755826392, 'casas_compartidas_duplex': 6.997155537736289, 'departamentos': 17.421155358524814, 'otras_viviendas': 0.06537203066568002}","{'casas_unicas': 0.8399618141063001, 'casas_compartidas_duplex': 0.04573304273030254, 'departamentos': 0.11386376051323407, 'otras_viviendas': 0.00042726817428549035}"
1409700312774,441,441,"{'casas_unicas': 319.28730298481634, 'casas_compartidas_duplex': 29.144256554498728, 'departamentos': 87.44664785949074, 'otras_viviendas': 5.1027636881887695}","{'casas_unicas': 0.7240074897614883, 'casas_compartidas_duplex': 0.06608674955668646, 'departamentos': 0.19829171850224658, 'otras_viviendas': 0.011570892716981336}"
1409700312789,237,237,"{'casas_unicas': 175.96528770261563, 'casas_compartidas_duplex': 15.25128273444792, 'departamentos': 43.322762371222375, 'otras_viviendas': 2.452631235654415}","{'casas_unicas': 0.7424695683654667, 'casas_compartidas_duplex': 0.06435140394281823, 'departamentos': 0.18279646570136024, 'otras_viviendas': 0.010348655002761244}"
1409700320053,1393,1392,"{'casas_unicas': 1054.4678714691202, 'casas_compartidas_duplex': 89.2275420679665, 'departamentos': 239.37492989042815, 'otras_viviendas': 9.977487188391656}","{'casas_unicas': 0.7569762178529219, 'casas_compartidas_duplex': 0.06405422976882016, 'departamentos': 0.17184129927525352, 'otras_viviendas': 0.007162589510690349}"
1409700320180,938,938,"{'casas_unicas': 713.2093681465643, 'casas_compartidas_duplex': 58.076518938533226, 'departamentos': 159.65649837144824, 'otras_viviendas': 7.057277405421903}","{'casas_unicas': 0.7603511387490025, 'casas_compartidas_duplex': 0.06191526539289256, 'departamentos': 0.17020948653672519, 'otras_viviendas': 0.007523749899170472}"
140970032027A,485,485,"{'casas_unicas': 358.944874794431, 'casas_compartidas_duplex': 32.18174788945308, 'departamentos': 90.5185339122867, 'otras_viviendas': 3.3550011773576704}","{'casas_unicas': 0.7400925253493422, 'casas_compartidas_duplex': 0.06635411935969707, 'departamentos': 0.18663615239646741, 'otras_viviendas': 0.006917528200737465}"
1409700320284,1056,1056,"{'casas_unicas': 800.2471111179865, 'casas_compartidas_duplex': 66.53406339763897, 'departamentos': 182.17991248997453, 'otras_viviendas': 6.992707931098626}","{'casas_unicas': 0.7578097643162751, 'casas_compartidas_duplex': 0.06300574185382479, 'departamentos': 0.1725188565245971, 'otras_viviendas': 0.006621882510510062}"
1409700320829,747,747,"{'casas_unicas': 587.319624888648, 'casas_compartidas_duplex': 45.18159635350875, 'departamentos': 111.13085902653285, 'otras_viviendas': 3.365812181723726}","{'casas_unicas': 0.7862377843221526, 'casas_compartidas_duplex': 0.06048406473026607, 'departamentos': 0.14876955692976285, 'otras_viviendas': 0.0045057726662968214}"
1409700321189,504,504,"{'casas_unicas': 383.2870415240234, 'casas_compartidas_duplex': 32.22080713995393, 'departamentos': 86.85899638208326, 'otras_viviendas': 1.6316992646548623}","{'casas_unicas': 0.7604901617540146, 'casas_compartidas_duplex': 0.063930172896734, 'departamentos': 0.1723392785358795, 'otras_viviendas': 0.0032374985409818697}"
1409700340250,1059,1058,"{'casas_unicas': 818.0357835759977, 'casas_compartidas_duplex': 66.27347133078975, 'departamentos': 165.6496127902648, 'otras_viviendas': 9.043674382400365}","{'casas_unicas': 0.7724606077204889, 'casas_compartidas_duplex': 0.06258118161547663, 'departamentos': 0.15642078639307347, 'otras_viviendas': 0.00853982472370195}"
1409700340373,769,769,"{'casas_unicas': 592.1717146616002, 'casas_compartidas_duplex': 48.98246915602954, 'departamentos': 123.38995704168052, 'otras_viviendas': 4.456217646044884}","{'casas_unicas': 0.7700542453336803, 'casas_compartidas_duplex': 0.06369631879847794, 'departamentos': 0.16045508067838818, 'otras_viviendas': 0.005794821386274232}"
1409700340388,629,628,"{'casas_unicas': 486.24518700086793, 'casas_compartidas_duplex': 41.83118204842812, 'departamentos': 96.1372684711434, 'otras_viviendas': 4.780142344656123}","{'casas_unicas': 0.7730448124020158, 'casas_compartidas_duplex': 0.06650426398796203, 'departamentos': 0.15284144431024388, 'otras_viviendas': 0.007599590373062198}"
1409700341352,60,60,"{'casas_unicas': 44.336153748834136, 'casas_compartidas_duplex': 4.502909626322573, 'departamentos': 10.391442581713134, 'otras_viviendas': 0.7688628349211928}","{'casas_unicas': 0.7389358958139023, 'casas_compartidas_duplex': 0.07504849377204288, 'departamentos': 0.1731907096952189, 'otras_viviendas': 0.01281438058201988}"
1409700350138,2281,2279,"{'casas_unicas': 1797.6741739598756, 'casas_compartidas_duplex': 139.78829984211737, 'departamentos': 331.3654132714271, 'otras_viviendas': 12.170862380436798}","{'casas_unicas': 0.788107923700077, 'casas_compartidas_duplex': 0.06128377897506242, 'departamentos': 0.14527199178931482, 'otras_viviendas': 0.0053357572908534845}"
1409700350231,981,981,"{'casas_unicas': 758.7824759287982, 'casas_compartidas_duplex': 64.97793359097, 'departamentos': 149.46296036696256, 'otras_viviendas': 7.78661198737761}","{'casas_unicas': 0.7734785687347586, 'casas_compartidas_duplex': 0.0662364256788685, 'departamentos': 0.15235775776448784, 'otras_viviendas': 0.007937423024849755}"
1409700350551,529,529,"{'casas_unicas': 408.003976675869, 'casas_compartidas_duplex': 35.53277700134685, 'departamentos': 80.2990024061554, 'otras_viviendas': 5.164864322904594}","{'casas_unicas': 0.7712740579884102, 'casas_compartidas_duplex': 0.06716971077759329, 'departamentos': 0.15179395539915955, 'otras_viviendas': 0.009763448625528534}"
1409700353734,2210,2208,"{'casas_unicas': 1650.5201148773917, 'casas_compartidas_duplex': 137.64335350866952, 'departamentos': 408.9984742580361, 'otras_viviendas': 12.867912514289578}","{'casas_unicas': 0.7468416809399963, 'casas_compartidas_duplex': 0.06228206041116268, 'departamentos': 0.18506718292218827, 'otras_viviendas': 0.005822584848094832}"
1409700353772,1747,1746,"{'casas_unicas': 1257.2001233087358, 'casas_compartidas_duplex': 107.0120755484807, 'departamentos': 363.26305488499895, 'otras_viviendas': 19.547321581669074}","{'casas_unicas': 0.7196337282820469, 'casas_compartidas_duplex': 0.06125476562591912, 'departamentos': 0.207935349104178, 'otras_viviendas': 0.011189079325511777}"
1409700381827,45,45,"{'casas_unicas': 34.81223219653973, 'casas_compartidas_duplex': 3.212176862621477, 'departamentos': 6.691780821045427, 'otras_viviendas': 0.28366526428536043}","{'casas_unicas': 0.7736051599231052, 'casas_compartidas_duplex': 0.07138170805825504, 'departamentos': 0.14870624046767617, 'otras_viviendas': 0.006303672539674676}"
1409700411259,799,799,"{'casas_unicas': 616.3691866485738, 'casas_compartidas_duplex': 52.388354725023206, 'departamentos': 123.82701284368174, 'otras_viviendas': 6.415138072044405}","{'casas_unicas': 0.7714257655176142, 'casas_compartidas_duplex': 0.06556740265960351, 'departamentos': 0.1549774879144953, 'otras_viviendas': 0.008028958788541183}"
1409700411263,819,819,"{'casas_unicas': 625.5131276307987, 'casas_compartidas_duplex': 53.65727571711774, 'departamentos': 133.92717284315916, 'otras_viviendas': 5.895241174866748}","{'casas_unicas': 0.7637522925894978, 'casas_compartidas_duplex': 0.06551559916619992, 'departamentos': 0.1635252415667389, 'otras_viviendas': 0.007198096672608972}"
1409700432613,376,374,"{'casas_unicas': 285.8245370976381, 'casas_compartidas_duplex': 25.781938105191184, 'departamentos': 60.17622847307625, 'otras_viviendas': 4.220968415160701}","{'casas_unicas': 0.7601716412171226, 'casas_compartidas_duplex': 0.06856898432231698, 'departamentos': 0.1600431608326496, 'otras_viviendas': 0.011225979827555056}"
1409700432628,342,340,"{'casas_unicas': 262.7834699185458, 'casas_compartidas_duplex': 22.425852305563346, 'departamentos': 52.3316084841531, 'otras_viviendas': 4.470676881368227}","{'casas_unicas': 0.7683727190600754, 'casas_compartidas_duplex': 0.06557266756012674, 'departamentos': 0.15301639907647105, 'otras_viviendas': 0.013072154623883706}"
1409700463861,970,970,"{'casas_unicas': 671.8611740343329, 'casas_compartidas_duplex': 65.70958310157476, 'departamentos': 227.20405608762704, 'otras_viviendas': 5.2209065112060085}","{'casas_unicas': 0.692640385602405, 'casas_compartidas_duplex': 0.06774183824904614, 'departamentos': 0.23423098565734746, 'otras_viviendas': 0.005382377846604132}"
140970104,1236,1232,"{'casas_unicas': 967.6653154353464, 'casas_compartidas_duplex': 75.34830429838996, 'departamentos': 181.3529801216359, 'otras_viviendas': 11.654563261306015}","{'casas_unicas': 0.7829007406434841, 'casas_compartidas_duplex': 0.060961411244652076, 'departamentos': 0.14672571207252097, 'otras_viviendas': 0.00942925830202752}"
1409701150890,707,703,"{'casas_unicas': 533.649650939631, 'casas_compartidas_duplex': 47.67578950582019, 'departamentos': 116.01812528782024, 'otras_viviendas': 9.669923322219763}","{'casas_unicas': 0.7548085586133394, 'casas_compartidas_duplex': 0.06743393140851513, 'departamentos': 0.1640991871114855, 'otras_viviendas': 0.01367740215306897}"
1409701151511,439,439,"{'casas_unicas': 344.7655028745848, 'casas_compartidas_duplex': 24.733864557365628, 'departamentos': 67.201185436977, 'otras_viviendas': 2.292385025686741}","{'casas_unicas': 0.7853428311493958, 'casas_compartidas_duplex': 0.0563413771238397, 'departamentos': 0.1530778711548451, 'otras_viviendas': 0.005221833771495993}"
1409701151992,725,724,"{'casas_unicas': 549.8016901095114, 'casas_compartidas_duplex': 42.10408687021784, 'departamentos': 122.50310183413275, 'otras_viviendas': 10.595414307379524}","{'casas_unicas': 0.7583471587717397, 'casas_compartidas_duplex': 0.058074602579610814, 'departamentos': 0.16896979563328654, 'otras_viviendas': 0.014614364561902793}"
1409701152596,490,489,"{'casas_unicas': 359.38336422584786, 'casas_compartidas_duplex': 32.251822355641664, 'departamentos': 93.41811886469075, 'otras_viviendas': 4.966253101814396}","{'casas_unicas': 0.7334354371956079, 'casas_compartidas_duplex': 0.0658200456237585, 'departamentos': 0.19064922217283828, 'otras_viviendas': 0.010135210411866115}"
140970123,1133,1129,"{'casas_unicas': 829.9508290074014, 'casas_compartidas_duplex': 78.2650311418949, 'departamentos': 210.92100167181673, 'otras_viviendas': 13.859116915476182}","{'casas_unicas': 0.7325250035369827, 'casas_compartidas_duplex': 0.06907769738913935, 'departamentos': 0.18616151956912333, 'otras_viviendas': 0.012232230287269358}"
1409701800301,758,758,"{'casas_unicas': 660.9944755302079, 'casas_compartidas_duplex': 35.06166445573686, 'departamentos': 61.67899028193145, 'otras_viviendas': 0.2689643946057617}","{'casas_unicas': 0.8720243740504061, 'casas_compartidas_duplex': 0.0462554940049299, 'departamentos': 0.0813706995803845, 'otras_viviendas': 0.0003548342936751474}"
140970180123A,439,439,"{'casas_unicas': 380.98451142895277, 'casas_compartidas_duplex': 17.806007675642768, 'departamentos': 39.96245002030912, 'otras_viviendas': 0.24661132850685874}","{'casas_unicas': 0.8678462674919197, 'casas_compartidas_duplex': 0.04056038194907236, 'departamentos': 0.09103063785947407, 'otras_viviendas': 0.0005617570125440973}"
1409704240570,365,364,"{'casas_unicas': 309.443207417795, 'casas_compartidas_duplex': 16.773042587508762, 'departamentos': 37.40472291929031, 'otras_viviendas': 1.3724735139165145}","{'casas_unicas': 0.847789609363822, 'casas_compartidas_duplex': 0.045953541335640447, 'departamentos': 0.10247869292956249, 'otras_viviendas': 0.003760201407990451}"
1409704240975,591,589,"{'casas_unicas': 469.9379156619059, 'casas_compartidas_duplex': 34.568317379591875, 'departamentos': 82.0641717839272, 'otras_viviendas': 4.4321506140683935}","{'casas_unicas': 0.7951572177020404, 'casas_compartidas_duplex': 0.058491230760730754, 'departamentos': 0.1388564666394707, 'otras_viviendas': 0.007499408822450751}"
140970424098A,1067,1066,"{'casas_unicas': 828.2367176596289, 'casas_compartidas_duplex': 71.16606994762476, 'departamentos': 159.03027945177212, 'otras_viviendas': 8.568370228204765}","{'casas_unicas': 0.7762293511336728, 'casas_compartidas_duplex': 0.0666973476547561, 'departamentos': 0.14904431063896167, 'otras_viviendas': 0.00803033760843933}"
1409704241761,2031,2030,"{'casas_unicas': 1752.9215327292457, 'casas_compartidas_duplex': 84.4228702918076, 'departamentos': 192.2972980337783, 'otras_viviendas': 1.3639762514015308}","{'casas_unicas': 0.8630829801719575, 'casas_compartidas_duplex': 0.041567144407586215, 'departamentos': 0.09468109208950187, 'otras_viviendas': 0.0006715786565246335}"
1409704241776,616,616,"{'casas_unicas': 535.881698014201, 'casas_compartidas_duplex': 24.31061348846156, 'departamentos': 55.777769477143096, 'otras_viviendas': 0.035202709990773365}","{'casas_unicas': 0.869937821451625, 'casas_compartidas_duplex': 0.03946528163711292, 'departamentos': 0.09054832707328425, 'otras_viviendas': 5.714725647852819e-05}"
1409704393880,261,261,"{'casas_unicas': 184.98558758721612, 'casas_compartidas_duplex': 17.331683047527182, 'departamentos': 57.822189461127756, 'otras_viviendas': 0.8613847311540267}","{'casas_unicas': 0.7087570405640464, 'casas_compartidas_duplex': 0.06640491589090874, 'departamentos': 0.22154095578976152, 'otras_viviendas': 0.003300324640436884}"
1409704393895,527,527,"{'casas_unicas': 382.42316798550956, 'casas_compartidas_duplex': 31.561679837940474, 'departamentos': 108.3550512230665, 'otras_viviendas': 4.665360023751847}","{'casas_unicas': 0.7256606603140598, 'casas_compartidas_duplex': 0.05988933555586428, 'departamentos': 0.20560730782365558, 'otras_viviendas': 0.00885267556689155}"
1409705601032,858,857,"{'casas_unicas': 633.4428574806407, 'casas_compartidas_duplex': 54.49359282736441, 'departamentos': 165.0002683095104, 'otras_viviendas': 5.0537503687931356}","{'casas_unicas': 0.7382783886720754, 'casas_compartidas_duplex': 0.06351234595263917, 'departamentos': 0.1923080050227394, 'otras_viviendas': 0.0058901519449803446}"
1409705603467,391,391,"{'casas_unicas': 277.51166296739547, 'casas_compartidas_duplex': 27.028140265771633, 'departamentos': 84.62223428109716, 'otras_viviendas': 1.8391301285962673}","{'casas_unicas': 0.7097484986378401, 'casas_compartidas_duplex': 0.06912567842908346, 'departamentos': 0.21642515161405923, 'otras_viviendas': 0.004703657617893267}"
14097059A,1773,1766,"{'casas_unicas': 1364.2527396645612, 'casas_compartidas_duplex': 127.3844601303103, 'departamentos': 258.44565375472683, 'otras_viviendas': 22.912448085919717}","{'casas_unicas': 0.769460090053334, 'casas_compartidas_duplex': 0.07184684722521732, 'departamentos': 0.1457674302057117, 'otras_viviendas': 0.012922982563970512}"
140970602,1034,1034,"{'casas_unicas': 856.4866972646772, 'casas_compartidas_duplex': 51.847249167440594, 'departamentos': 124.47047386022075, 'otras_viviendas': 1.1975665242455484}","{'casas_unicas': 0.8283236917453358, 'casas_compartidas_duplex': 0.050142407318607925, 'departamentos': 0.12037763429421736, 'otras_viviendas': 0.0011581881278970487}"
1409706133927,1197,1197,"{'casas_unicas': 853.4490713073302, 'casas_compartidas_duplex': 79.70998986389975, 'departamentos': 257.7547148160774, 'otras_viviendas': 6.074549730221072}","{'casas_unicas': 0.7129900345090477, 'casas_compartidas_duplex': 0.06659147022882185, 'departamentos': 0.21533393050633035, 'otras_viviendas': 0.005074811804695966}"
1409706133931,1204,1204,"{'casas_unicas': 845.7240742074604, 'casas_compartidas_duplex': 80.25380703048792, 'departamentos': 272.2686673653942, 'otras_viviendas': 5.751301537366483}","{'casas_unicas': 0.7024286330626748, 'casas_compartidas_duplex': 0.06665598590572086, 'departamentos': 0.22613676691477924, 'otras_viviendas': 0.004776828519407378}"
1409706133946,1072,1072,"{'casas_unicas': 750.7369698468611, 'casas_compartidas_duplex': 74.13998171979281, 'departamentos': 241.97105635842684, 'otras_viviendas': 5.316976156533646}","{'casas_unicas': 0.7003143375437137, 'casas_compartidas_duplex': 0.06916043070876195, 'departamentos': 0.2257192689910698, 'otras_viviendas': 0.004959865817661983}"
1409706663950,779,779,"{'casas_unicas': 583.1261156600924, 'casas_compartidas_duplex': 43.20052358667288, 'departamentos': 142.07561545171325, 'otras_viviendas': 10.594059146795031}","{'casas_unicas': 0.7485572729911327, 'casas_compartidas_duplex': 0.055456384578527446, 'departamentos': 0.18238204807665373, 'otras_viviendas': 0.013599562447747151}"
1409707771780,1339,1339,"{'casas_unicas': 993.1282393822169, 'casas_compartidas_duplex': 83.98050345065057, 'departamentos': 257.8207837714076, 'otras_viviendas': 4.075327914144385}","{'casas_unicas': 0.7416939801211477, 'casas_compartidas_duplex': 0.06271882259197205, 'departamentos': 0.19254726196520358, 'otras_viviendas': 0.003043560802198943}"
1409707772365,1606,1606,"{'casas_unicas': 1183.604189156133, 'casas_compartidas_duplex': 86.49456114161988, 'departamentos': 304.444404234692, 'otras_viviendas': 31.453155495588227}","{'casas_unicas': 0.7369889098107927, 'casas_compartidas_duplex': 0.05385713645181811, 'departamentos': 0.18956687685846327, 'otras_viviendas': 0.019584779262508237}"
140970777244A,318,318,"{'casas_unicas': 233.30971927588993, 'casas_compartidas_duplex': 18.001893274718665, 'departamentos': 60.49012816010885, 'otras_viviendas': 6.17957656125156}","{'casas_unicas': 0.7336783625027985, 'casas_compartidas_duplex': 0.05660972727898951, 'departamentos': 0.19022052880537374, 'otras_viviendas': 0.019432630695759623}"
1409708221530,3595,3595,"{'casas_unicas': 2742.501706665946, 'casas_compartidas_duplex': 220.60258829364838, 'departamentos': 619.3564531989847, 'otras_viviendas': 12.543776117187676}","{'casas_unicas': 0.7628655651365636, 'casas_compartidas_duplex': 0.06136372414287855, 'departamentos': 0.17228274080639353, 'otras_viviendas': 0.0034892284053373228}"
1409708221564,1763,1763,"{'casas_unicas': 1327.5124425075794, 'casas_compartidas_duplex': 105.27737432477258, 'departamentos': 321.87010525934306, 'otras_viviendas': 8.362068273372435}","{'casas_unicas': 0.7529849361926145, 'casas_compartidas_duplex': 0.059714903190455235, 'departamentos': 0.1825695435390488, 'otras_viviendas': 0.00474309034224188}"
1409708221583,1402,1402,"{'casas_unicas': 1029.5054145310908, 'casas_compartidas_duplex': 92.56605983190076, 'departamentos': 275.2989697426971, 'otras_viviendas': 4.627316924736958}","{'casas_unicas': 0.7343119932461418, 'casas_compartidas_duplex': 0.06602429374600624, 'departamentos': 0.1963616046666884, 'otras_viviendas': 0.0033005113585855617}"
1409708221600,869,869,"{'casas_unicas': 690.0871520433491, 'casas_compartidas_duplex': 52.03833347174521, 'departamentos': 124.42898664429858, 'otras_viviendas': 2.447572508715659}","{'casas_unicas': 0.7941164005101831, 'casas_compartidas_duplex': 0.05988300744734777, 'departamentos': 0.14318640580471642, 'otras_viviendas': 0.0028165391354610576}"
1409708221916,1028,1028,"{'casas_unicas': 744.5553931396136, 'casas_compartidas_duplex': 67.61582305821901, 'departamentos': 211.1548457546562, 'otras_viviendas': 4.673848205416304}","{'casas_unicas': 0.7242756742603245, 'casas_compartidas_duplex': 0.06577414694379281, 'departamentos': 0.20540354645394573, 'otras_viviendas': 0.004546544946903019}"
1409708221935,1063,1063,"{'casas_unicas': 780.833483731439, 'casas_compartidas_duplex': 71.44234865991366, 'departamentos': 206.51646170868997, 'otras_viviendas': 4.178991086874508}","{'casas_unicas': 0.7345564287219557, 'casas_compartidas_duplex': 0.06720823015984352, 'departamentos': 0.1942770100740263, 'otras_viviendas': 0.003931318049740836}"
1409708221973,1047,1047,"{'casas_unicas': 785.3424667741128, 'casas_compartidas_duplex': 44.07708660781651, 'departamentos': 199.487663033197, 'otras_viviendas': 18.10778142265701}","{'casas_unicas': 0.7500883159256092, 'casas_compartidas_duplex': 0.04209845903325359, 'departamentos': 0.1905326294490898, 'otras_viviendas': 0.017294920174457506}"
1409708222168,1211,1211,"{'casas_unicas': 905.5427724766989, 'casas_compartidas_duplex': 61.13631648154393, 'departamentos': 226.18935856239113, 'otras_viviendas': 18.18270432075907}","{'casas_unicas': 0.7477644694274971, 'casas_compartidas_duplex': 0.05048415894429722, 'departamentos': 0.1867789913810001, 'otras_viviendas': 0.015014619587744896}"
1409708222469,2280,2280,"{'casas_unicas': 1616.4062398323026, 'casas_compartidas_duplex': 131.19696843983218, 'departamentos': 501.92133724816927, 'otras_viviendas': 30.46403009056456}","{'casas_unicas': 0.7089501051896064, 'casas_compartidas_duplex': 0.057542530017470256, 'departamentos': 0.22014093738954793, 'otras_viviendas': 0.013361416706387965}"
1409708223043,943,943,"{'casas_unicas': 662.8642571574801, 'casas_compartidas_duplex': 66.90296708544025, 'departamentos': 209.37383094645222, 'otras_viviendas': 3.8577516931196834}","{'casas_unicas': 0.7029313437513045, 'casas_compartidas_duplex': 0.07094694282655382, 'departamentos': 0.22202951319878284, 'otras_viviendas': 0.004090934987401573}"
1409708223058,1733,1733,"{'casas_unicas': 1160.6012329509158, 'casas_compartidas_duplex': 130.24846602826324, 'departamentos': 433.53411279314304, 'otras_viviendas': 8.626002173522638}","{'casas_unicas': 0.6697064240916998, 'casas_compartidas_duplex': 0.07515779920846119, 'departamentos': 0.250163942754266, 'otras_viviendas': 0.004977496926441222}"
1409708223077,1389,1389,"{'casas_unicas': 946.4449123934404, 'casas_compartidas_duplex': 92.39416558521607, 'departamentos': 336.87585096567295, 'otras_viviendas': 13.201133137012425}","{'casas_unicas': 0.6813858260571926, 'casas_compartidas_duplex': 0.06651847774313611, 'departamentos': 0.24253121019846866, 'otras_viviendas': 0.00950405553420621}"
1409708223486,210,210,"{'casas_unicas': 142.19728764294337, 'casas_compartidas_duplex': 13.490620666291221, 'departamentos': 52.36029320218888, 'otras_viviendas': 1.949306152538743}","{'casas_unicas': 0.6771299411568732, 'casas_compartidas_duplex': 0.06424105079186296, 'departamentos': 0.24933472953423275, 'otras_viviendas': 0.00928241025018449}"
140970822358A,412,412,"{'casas_unicas': 283.38843972676926, 'casas_compartidas_duplex': 29.815755775733216, 'departamentos': 96.75502475230404, 'otras_viviendas': 2.027619442587239}","{'casas_unicas': 0.6878360187542943, 'casas_compartidas_duplex': 0.07236833926148839, 'departamentos': 0.2348422930881166, 'otras_viviendas': 0.004921406414046697}"
1409708223700,999,999,"{'casas_unicas': 680.7758677375095, 'casas_compartidas_duplex': 71.68151698064636, 'departamentos': 242.39536535631265, 'otras_viviendas': 4.1458355622253675}","{'casas_unicas': 0.6814573250625721, 'casas_compartidas_duplex': 0.07175327025089726, 'departamentos': 0.2426380033596723, 'otras_viviendas': 0.00414998554777314}"
1409708223749,1283,1283,"{'casas_unicas': 903.3784561863243, 'casas_compartidas_duplex': 75.87029850388726, 'departamentos': 289.9841850311419, 'otras_viviendas': 13.769234848799385}","{'casas_unicas': 0.7041141513533316, 'casas_compartidas_duplex': 0.059135072879101525, 'departamentos': 0.22602040922146682, 'otras_viviendas': 0.010732061456585647}"
1409708234003,701,701,"{'casas_unicas': 493.3941926429091, 'casas_compartidas_duplex': 43.27031004914232, 'departamentos': 158.23390612134324, 'otras_viviendas': 6.1167370062271305}","{'casas_unicas': 0.7038433561239787, 'casas_compartidas_duplex': 0.0617265478589762, 'departamentos': 0.22572597164242972, 'otras_viviendas': 0.008725730394047261}"
1409708234041,852,852,"{'casas_unicas': 661.5781581873068, 'casas_compartidas_duplex': 53.06457518254572, 'departamentos': 126.65805376458597, 'otras_viviendas': 10.696579381037305}","{'casas_unicas': 0.7765001856658531, 'casas_compartidas_duplex': 0.06228236523772972, 'departamentos': 0.1486596875171197, 'otras_viviendas': 0.012554670635020311}"
1409708311653,1247,1247,"{'casas_unicas': 1020.5245409622786, 'casas_compartidas_duplex': 65.40673903178113, 'departamentos': 159.4113016346625, 'otras_viviendas': 1.6413257763980627}","{'casas_unicas': 0.8183837537788922, 'casas_compartidas_duplex': 0.052451274283705794, 'departamentos': 0.12783584734134923, 'otras_viviendas': 0.001316219548033731}"
1409708312011,656,656,"{'casas_unicas': 545.8395855801606, 'casas_compartidas_duplex': 32.067537793310976, 'departamentos': 77.47857939421736, 'otras_viviendas': 0.6309372614187158}","{'casas_unicas': 0.8320725389941472, 'casas_compartidas_duplex': 0.048883441758096, 'departamentos': 0.11810759053996549, 'otras_viviendas': 0.000961794605821213}"
1409708312026,725,725,"{'casas_unicas': 602.0879153209896, 'casas_compartidas_duplex': 35.96120356707359, 'departamentos': 86.19194750050043, 'otras_viviendas': 0.7572911604428092}","{'casas_unicas': 0.8304660900979167, 'casas_compartidas_duplex': 0.04960166009251529, 'departamentos': 0.11888544482827645, 'otras_viviendas': 0.001044539531645254}"
1409708312045,411,411,"{'casas_unicas': 337.71292870319536, 'casas_compartidas_duplex': 21.131777452679145, 'departamentos': 51.7281642240332, 'otras_viviendas': 0.41804128742975244}","{'casas_unicas': 0.8216859579153172, 'casas_compartidas_duplex': 0.05141551691649427, 'departamentos': 0.12585928035044575, 'otras_viviendas': 0.0010171320862037772}"
140970831205A,389,389,"{'casas_unicas': 323.2854101615443, 'casas_compartidas_duplex': 18.428897066507876, 'departamentos': 46.34951693618196, 'otras_viviendas': 0.9346220455915035}","{'casas_unicas': 0.8310678924461293, 'casas_compartidas_duplex': 0.04737505672624132, 'departamentos': 0.11915042914185595, 'otras_viviendas': 0.002402627366559135}"
1409708331865,1056,1056,"{'casas_unicas': 836.4316254062172, 'casas_compartidas_duplex': 60.007238186029085, 'departamentos': 157.1195967763597, 'otras_viviendas': 2.448206208587431}","{'casas_unicas': 0.7920754028467966, 'casas_compartidas_duplex': 0.05682503616101239, 'departamentos': 0.14878749694731033, 'otras_viviendas': 0.0023183770914653704}"
1409708332933,1923,1921,"{'casas_unicas': 1399.5926987633898, 'casas_compartidas_duplex': 123.62250517220576, 'departamentos': 389.72148386953717, 'otras_viviendas': 10.066727568107861}","{'casas_unicas': 0.7278173160496046, 'casas_compartidas_duplex': 0.06428627414051262, 'departamentos': 0.20266327814328505, 'otras_viviendas': 0.005234907731725357}"
1409708333753,482,482,"{'casas_unicas': 347.04769412305143, 'casas_compartidas_duplex': 31.468701780821977, 'departamentos': 101.38085435626913, 'otras_viviendas': 2.1026244106095304}","{'casas_unicas': 0.7200159629108951, 'casas_compartidas_duplex': 0.06528776303075098, 'departamentos': 0.2103337227308488, 'otras_viviendas': 0.004362291308318528}"
1409708352721,766,766,"{'casas_unicas': 585.5347812803179, 'casas_compartidas_duplex': 39.51448770507062, 'departamentos': 127.47243322223018, 'otras_viviendas': 13.457888374498335}","{'casas_unicas': 0.7644057196870991, 'casas_compartidas_duplex': 0.05158549308755956, 'departamentos': 0.1664130982013449, 'otras_viviendas': 0.017569044875324197}"
1409708352736,916,916,"{'casas_unicas': 688.6515792317143, 'casas_compartidas_duplex': 51.15307005987697, 'departamentos': 164.3385243324927, 'otras_viviendas': 11.856501986216859}","{'casas_unicas': 0.751803034095758, 'casas_compartidas_duplex': 0.05584396294746394, 'departamentos': 0.1794088693586165, 'otras_viviendas': 0.012943779460935436}"
1409708352740,566,566,"{'casas_unicas': 430.3381343829372, 'casas_compartidas_duplex': 31.176087166431852, 'departamentos': 95.300863809253, 'otras_viviendas': 9.178834384904317}","{'casas_unicas': 0.760314725058193, 'casas_compartidas_duplex': 0.055081426089102214, 'departamentos': 0.16837608446864488, 'otras_viviendas': 0.01621702188145639}"
1409708353378,902,902,"{'casas_unicas': 627.444786822897, 'casas_compartidas_duplex': 62.04622307198066, 'departamentos': 207.9212020246977, 'otras_viviendas': 4.574148463112528}","{'casas_unicas': 0.6956150629965598, 'casas_compartidas_duplex': 0.06878738699776127, 'departamentos': 0.23051131044866707, 'otras_viviendas': 0.005071118030058235}"
140970835365A,303,303,"{'casas_unicas': 219.46515006442698, 'casas_compartidas_duplex': 17.330422520951547, 'departamentos': 62.90553732498711, 'otras_viviendas': 3.3007568385358144}","{'casas_unicas': 0.7243074259552046, 'casas_compartidas_duplex': 0.05719611393053316, 'departamentos': 0.20760903407586503, 'otras_viviendas': 0.010893586925860774}"
1409708362793,832,832,"{'casas_unicas': 641.5634530104693, 'casas_compartidas_duplex': 50.861874219216986, 'departamentos': 135.82860029292593, 'otras_viviendas': 3.7762720000485053}","{'casas_unicas': 0.7711099194837371, 'casas_compartidas_duplex': 0.0611320603596358, 'departamentos': 0.16325552919822828, 'otras_viviendas': 0.004538788461596761}"
1409708362806,1411,1411,"{'casas_unicas': 1069.7763504437007, 'casas_compartidas_duplex': 78.11493549101557, 'departamentos': 251.74183175748783, 'otras_viviendas': 11.370147328982927}","{'casas_unicas': 0.7581689230642812, 'casas_compartidas_duplex': 0.0553614000645043, 'departamentos': 0.17841377162118202, 'otras_viviendas': 0.008058219226777411}"
1409708374200,664,664,"{'casas_unicas': 536.1520396098346, 'casas_compartidas_duplex': 36.02587588991758, 'departamentos': 89.58742333223391, 'otras_viviendas': 2.2341540692882056}","{'casas_unicas': 0.8074578909786665, 'casas_compartidas_duplex': 0.05425583718361081, 'departamentos': 0.13492081827143662, 'otras_viviendas': 0.0033646898633858517}"
1409708432632,909,907,"{'casas_unicas': 701.4780827909367, 'casas_compartidas_duplex': 46.148480123195746, 'departamentos': 151.4415164580997, 'otras_viviendas': 9.922936728347366}","{'casas_unicas': 0.771703061376168, 'casas_compartidas_duplex': 0.05076840497601292, 'departamentos': 0.16660232833674335, 'otras_viviendas': 0.010916322033385441}"
1409708432647,1001,1001,"{'casas_unicas': 765.0133833809936, 'casas_compartidas_duplex': 59.930325806771634, 'departamentos': 173.25069237343791, 'otras_viviendas': 2.8075953264247295}","{'casas_unicas': 0.7642491342467468, 'casas_compartidas_duplex': 0.059870455351420215, 'departamentos': 0.17307761475867922, 'otras_viviendas': 0.002804790535888841}"
1409708432651,1183,1183,"{'casas_unicas': 869.5213748659514, 'casas_compartidas_duplex': 69.92906311748871, 'departamentos': 236.25446399468595, 'otras_viviendas': 7.301529973253726}","{'casas_unicas': 0.7350138418139911, 'casas_compartidas_duplex': 0.05911163408071742, 'departamentos': 0.19970791546465422, 'otras_viviendas': 0.006172045624052177}"
1409708432666,1291,1291,"{'casas_unicas': 941.9931908905032, 'casas_compartidas_duplex': 79.27851005191529, 'departamentos': 262.2926497005523, 'otras_viviendas': 7.431850428040702}","{'casas_unicas': 0.7296616505735889, 'casas_compartidas_duplex': 0.061408605772203945, 'departamentos': 0.20317013919485075, 'otras_viviendas': 0.005756661834268553}"
1409708432670,1889,1886,"{'casas_unicas': 1382.3964777796875, 'casas_compartidas_duplex': 118.71420009726573, 'departamentos': 376.7424943422635, 'otras_viviendas': 11.110992771100431}","{'casas_unicas': 0.7318139109474259, 'casas_compartidas_duplex': 0.06284499740458747, 'departamentos': 0.19944017699431632, 'otras_viviendas': 0.0058819442938594126}"
140970843269A,1129,1129,"{'casas_unicas': 859.5502993654085, 'casas_compartidas_duplex': 59.3441946136831, 'departamentos': 195.31047614694393, 'otras_viviendas': 14.794683635757721}","{'casas_unicas': 0.7613377319445602, 'casas_compartidas_duplex': 0.0525635027579124, 'departamentos': 0.1729942215650522, 'otras_viviendas': 0.013104237055586998}"
1409708432702,577,577,"{'casas_unicas': 418.29088385853794, 'casas_compartidas_duplex': 33.87161297804366, 'departamentos': 121.35157490886185, 'otras_viviendas': 3.492736084928511}","{'casas_unicas': 0.7249408732383673, 'casas_compartidas_duplex': 0.05870296876610686, 'departamentos': 0.21031468788364271, 'otras_viviendas': 0.006053268778039014}"
1409708432717,818,818,"{'casas_unicas': 613.956648812167, 'casas_compartidas_duplex': 48.4251939144311, 'departamentos': 144.1040036443157, 'otras_viviendas': 11.512920112140751}","{'casas_unicas': 0.7505582503816223, 'casas_compartidas_duplex': 0.059199503562874206, 'departamentos': 0.17616626362385782, 'otras_viviendas': 0.014074474464719745}"
1409708432952,1178,1178,"{'casas_unicas': 890.3247810734939, 'casas_compartidas_duplex': 74.85564545126223, 'departamentos': 209.03484176539214, 'otras_viviendas': 3.7866554094661438}","{'casas_unicas': 0.7557935323204532, 'casas_compartidas_duplex': 0.06354469053587626, 'departamentos': 0.17744893188912747, 'otras_viviendas': 0.003214478276287049}"
1409708441687,1259,1259,"{'casas_unicas': 960.5807368511818, 'casas_compartidas_duplex': 71.67211510631745, 'departamentos': 220.4963637128071, 'otras_viviendas': 6.245959546815017}","{'casas_unicas': 0.762971196863528, 'casas_compartidas_duplex': 0.056927811839807343, 'departamentos': 0.17513611097125265, 'otras_viviendas': 0.004961048091195407}"
1409708441691,805,805,"{'casas_unicas': 615.5051740956444, 'casas_compartidas_duplex': 47.725986445901285, 'departamentos': 138.926464253482, 'otras_viviendas': 2.8301260708172125}","{'casas_unicas': 0.764602700739931, 'casas_compartidas_duplex': 0.05928693968434942, 'departamentos': 0.17257945869997765, 'otras_viviendas': 0.003515684560021382}"
1409708441704,1382,1382,"{'casas_unicas': 1051.9437957149676, 'casas_compartidas_duplex': 78.58340764041321, 'departamentos': 243.56437118122795, 'otras_viviendas': 7.916092362865732}","{'casas_unicas': 0.7611749607199476, 'casas_compartidas_duplex': 0.056862089464843134, 'departamentos': 0.17624050013113454, 'otras_viviendas': 0.005727997368209647}"
1409708524179,480,480,"{'casas_unicas': 349.00527826579713, 'casas_compartidas_duplex': 32.65098331889826, 'departamentos': 95.1195769951399, 'otras_viviendas': 3.220025677303783}","{'casas_unicas': 0.7270943297204107, 'casas_compartidas_duplex': 0.06802288191437138, 'departamentos': 0.19816578540654145, 'otras_viviendas': 0.006708386827716214}"
1409708524183,341,341,"{'casas_unicas': 256.8884015032818, 'casas_compartidas_duplex': 15.090751932057682, 'departamentos': 59.04061838727193, 'otras_viviendas': 9.979127677903655}","{'casas_unicas': 0.7533384208307383, 'casas_compartidas_duplex': 0.044254404492837775, 'departamentos': 0.1731396433644338, 'otras_viviendas': 0.02926430404077318}"
1409708531884,173,173,"{'casas_unicas': 137.764624010466, 'casas_compartidas_duplex': 10.42136423282517, 'departamentos': 24.271576203787102, 'otras_viviendas': 0.5420430113465196}","{'casas_unicas': 0.7963273064188786, 'casas_compartidas_duplex': 0.06023909961170618, 'departamentos': 0.1402981283455902, 'otras_viviendas': 0.003133196597378726}"
1409708614075,902,902,"{'casas_unicas': 701.0838944861155, 'casas_compartidas_duplex': 47.91766621288388, 'departamentos': 147.27295334580057, 'otras_viviendas': 5.725083350750681}","{'casas_unicas': 0.7772548719358264, 'casas_compartidas_duplex': 0.05312379846217725, 'departamentos': 0.16327378419711816, 'otras_viviendas': 0.006347099058481908}"
140970862290A,1042,1042,"{'casas_unicas': 776.6446330781373, 'casas_compartidas_duplex': 61.09883537961718, 'departamentos': 198.35130359998686, 'otras_viviendas': 5.90591252063647}","{'casas_unicas': 0.7453403388465809, 'casas_compartidas_duplex': 0.0586361184065424, 'departamentos': 0.19035633742801042, 'otras_viviendas': 0.005667862303873772}"
1409708622914,784,784,"{'casas_unicas': 579.6807197390294, 'casas_compartidas_duplex': 42.964791793601464, 'departamentos': 151.09745127917037, 'otras_viviendas': 10.168029185307995}","{'casas_unicas': 0.7393886731365171, 'casas_compartidas_duplex': 0.054802030348981456, 'departamentos': 0.19272634091730914, 'otras_viviendas': 0.012969424981260198}"
1409708622929,923,923,"{'casas_unicas': 701.2283178886871, 'casas_compartidas_duplex': 43.33285040792676, 'departamentos': 164.98101462556764, 'otras_viviendas': 13.46094112575353}","{'casas_unicas': 0.7597273216562157, 'casas_compartidas_duplex': 0.04694783359472022, 'departamentos': 0.1787443278716876, 'otras_viviendas': 0.01458390154469505}"
140970862340A,978,978,"{'casas_unicas': 760.9063410882417, 'casas_compartidas_duplex': 51.657841829698995, 'departamentos': 159.73396994491256, 'otras_viviendas': 5.696562125628881}","{'casas_unicas': 0.7780228436485088, 'casas_compartidas_duplex': 0.052819879171471365, 'departamentos': 0.16332716763283492, 'otras_viviendas': 0.005824705649927281}"
1409708623414,1594,1593,"{'casas_unicas': 1208.4902769715466, 'casas_compartidas_duplex': 87.5355128357293, 'departamentos': 287.296107760464, 'otras_viviendas': 10.666631347556581}","{'casas_unicas': 0.7581494836709828, 'casas_compartidas_duplex': 0.05491562913157422, 'departamentos': 0.180235952170931, 'otras_viviendas': 0.00669173861201793}"
1409708634111,756,756,"{'casas_unicas': 549.6815700022245, 'casas_compartidas_duplex': 48.60556935211609, 'departamentos': 153.61094628758497, 'otras_viviendas': 4.0672193694867405}","{'casas_unicas': 0.7270920238124663, 'casas_compartidas_duplex': 0.06429308115359271, 'departamentos': 0.2031890823909854, 'otras_viviendas': 0.005379919800908387}"
1409708634126,981,981,"{'casas_unicas': 723.3398983059138, 'casas_compartidas_duplex': 64.07839826111773, 'departamentos': 189.71795105389808, 'otras_viviendas': 3.8634409639105973}","{'casas_unicas': 0.7373495395575065, 'casas_compartidas_duplex': 0.0653194681560833, 'departamentos': 0.19339240678277073, 'otras_viviendas': 0.003938268056993473}"
1409708634145,365,365,"{'casas_unicas': 280.0980176668412, 'casas_compartidas_duplex': 22.276673921660585, 'departamentos': 61.85637176810669, 'otras_viviendas': 0.7689382912430699}","{'casas_unicas': 0.7673918292242224, 'casas_compartidas_duplex': 0.0610319833470153, 'departamentos': 0.169469511693443, 'otras_viviendas': 0.0021066802499810134}"
1409708714056,1359,1359,"{'casas_unicas': 1012.0605259902973, 'casas_compartidas_duplex': 79.70774732153467, 'departamentos': 253.54827748426982, 'otras_viviendas': 13.676228739540672}","{'casas_unicas': 0.7447097321488575, 'casas_compartidas_duplex': 0.05865176403350601, 'departamentos': 0.18656974060652673, 'otras_viviendas': 0.010063450139470694}"
1409708714060,1188,1188,"{'casas_unicas': 906.9371699618333, 'casas_compartidas_duplex': 73.02276803573717, 'departamentos': 190.283894825557, 'otras_viviendas': 17.756009984898697}","{'casas_unicas': 0.7634151262304995, 'casas_compartidas_duplex': 0.061466976461058226, 'departamentos': 0.16017162864104126, 'otras_viviendas': 0.014946136350924828}"
1409708744018,2634,2634,"{'casas_unicas': 1875.735184154619, 'casas_compartidas_duplex': 171.63443007219212, 'departamentos': 571.4319684691596, 'otras_viviendas': 15.184009002308768}","{'casas_unicas': 0.7121242157003109, 'casas_compartidas_duplex': 0.06516113518306459, 'departamentos': 0.2169445590239786, 'otras_viviendas': 0.005764619970504468}"
1409708744022,1555,1555,"{'casas_unicas': 1165.9793880726309, 'casas_compartidas_duplex': 85.05712993118182, 'departamentos': 291.3536117255053, 'otras_viviendas': 12.600888545451156}","{'casas_unicas': 0.7498259730370617, 'casas_compartidas_duplex': 0.054699118926805027, 'departamentos': 0.187365666704505, 'otras_viviendas': 0.008103465302540936}"
1409708823984,796,796,"{'casas_unicas': 599.6951912777574, 'casas_compartidas_duplex': 49.4082553239959, 'departamentos': 143.42785092361947, 'otras_viviendas': 3.464950700397231}","{'casas_unicas': 0.7533859186906501, 'casas_compartidas_duplex': 0.06207067251758279, 'departamentos': 0.18018574236635612, 'otras_viviendas': 0.004352953141202551}"
1409708843965,1866,1866,"{'casas_unicas': 1355.8296257096683, 'casas_compartidas_duplex': 116.11134875111392, 'departamentos': 382.3100953850249, 'otras_viviendas': 11.747838308409994}","{'casas_unicas': 0.7265967983438737, 'casas_compartidas_duplex': 0.062224731377874556, 'departamentos': 0.20488215186764464, 'otras_viviendas': 0.006295733284249729}"
140970884397A,1024,1024,"{'casas_unicas': 758.5610230036123, 'casas_compartidas_duplex': 63.96075246761194, 'departamentos': 198.61361645091745, 'otras_viviendas': 2.8481801327125567}","{'casas_unicas': 0.7407822490269651, 'casas_compartidas_duplex': 0.062461672331652285, 'departamentos': 0.19395860981534907, 'otras_viviendas': 0.002781425910852106}"
1409709033908,410,410,"{'casas_unicas': 338.3997682877522, 'casas_compartidas_duplex': 17.887399948092792, 'departamentos': 53.45017260634883, 'otras_viviendas': 0.25517904072866426}","{'casas_unicas': 0.8253652885067126, 'casas_compartidas_duplex': 0.043627804751445835, 'departamentos': 0.1303662746496313, 'otras_viviendas': 0.0006223879042162544}"
1409709033912,888,888,"{'casas_unicas': 726.988075593065, 'casas_compartidas_duplex': 44.78924140618121, 'departamentos': 115.22334264840843, 'otras_viviendas': 0.9964216664539844}","{'casas_unicas': 0.8186802653075056, 'casas_compartidas_duplex': 0.05043833491687073, 'departamentos': 0.12975601649595545, 'otras_viviendas': 0.0011220964712319644}"
140972416,2237,2237,"{'casas_unicas': 1734.7159476559734, 'casas_compartidas_duplex': 120.39409584952423, 'departamentos': 358.6006010661514, 'otras_viviendas': 23.302115090014347}","{'casas_unicas': 0.7754653319874714, 'casas_compartidas_duplex': 0.05381944383081101, 'departamentos': 0.16030424723565104, 'otras_viviendas': 0.010416680862769041}"
140973679,582,581,"{'casas_unicas': 431.5955475856189, 'casas_compartidas_duplex': 36.36686177589642, 'departamentos': 110.11416125097999, 'otras_viviendas': 3.922686394283485}","{'casas_unicas': 0.7415731058172146, 'casas_compartidas_duplex': 0.062486016797072885, 'departamentos': 0.18919958977831614, 'otras_viviendas': 0.006740010986741383}"
1409800010046,1792,1792,"{'casas_unicas': 1328.997767838082, 'casas_compartidas_duplex': 222.61370527564128, 'departamentos': 220.17903364075318, 'otras_viviendas': 20.210276619117426}","{'casas_unicas': 0.7416282186596439, 'casas_compartidas_duplex': 0.12422639803328196, 'departamentos': 0.12286776430845602, 'otras_viviendas': 0.011278056149061064}"
140980001007A,970,970,"{'casas_unicas': 722.0824123429804, 'casas_compartidas_duplex': 117.68801534559067, 'departamentos': 121.31586665210367, 'otras_viviendas': 8.999679889958418}","{'casas_unicas': 0.7444148580855469, 'casas_compartidas_duplex': 0.12132785087174296, 'departamentos': 0.12506790376505533, 'otras_viviendas': 0.009278020505111772}"
1409800010084,994,993,"{'casas_unicas': 719.9731710679823, 'casas_compartidas_duplex': 140.51518502514367, 'departamentos': 118.39801074600692, 'otras_viviendas': 15.107204996918577}","{'casas_unicas': 0.7243190855814712, 'casas_compartidas_duplex': 0.14136336521644233, 'departamentos': 0.11911268686721017, 'otras_viviendas': 0.015198395369133378}"
1409800010101,1669,1668,"{'casas_unicas': 1268.167678022915, 'casas_compartidas_duplex': 186.73400792303522, 'departamentos': 198.86594442975945, 'otras_viviendas': 15.2548862354764}","{'casas_unicas': 0.7598368352444068, 'casas_compartidas_duplex': 0.11188376747935004, 'departamentos': 0.11915275280393017, 'otras_viviendas': 0.00914013555151372}"
1409800010120,2167,2166,"{'casas_unicas': 1658.667030826726, 'casas_compartidas_duplex': 236.61123004506004, 'departamentos': 251.229905869674, 'otras_viviendas': 20.497016403503096}","{'casas_unicas': 0.7654208725550189, 'casas_compartidas_duplex': 0.10918838488466084, 'departamentos': 0.11593442818166776, 'otras_viviendas': 0.009458706231427362}"
1409800010262,1124,1121,"{'casas_unicas': 811.1028744060586, 'casas_compartidas_duplex': 185.55409311695215, 'departamentos': 100.72438748075042, 'otras_viviendas': 26.621663048946104}","{'casas_unicas': 0.7216217743826144, 'casas_compartidas_duplex': 0.16508371273750191, 'departamentos': 0.08961244437789183, 'otras_viviendas': 0.023684753602265216}"
1409800010347,693,692,"{'casas_unicas': 546.2844179668232, 'casas_compartidas_duplex': 63.62631432245793, 'departamentos': 77.15398303406674, 'otras_viviendas': 5.9450336838408635}","{'casas_unicas': 0.7882892034153293, 'casas_compartidas_duplex': 0.09181286338017017, 'departamentos': 0.11133330885146715, 'otras_viviendas': 0.00857869218447455}"
1409800010370,1462,1458,"{'casas_unicas': 1110.8200468109612, 'casas_compartidas_duplex': 177.37189478013312, 'departamentos': 153.64369558851064, 'otras_viviendas': 20.153124142307878}","{'casas_unicas': 0.7597948336600282, 'casas_compartidas_duplex': 0.12132140545836739, 'departamentos': 0.10509144705096488, 'otras_viviendas': 0.013784626636325497}"
1409800010506,1306,1304,"{'casas_unicas': 988.6478057030959, 'casas_compartidas_duplex': 143.43881772569577, 'departamentos': 160.70175869893532, 'otras_viviendas': 13.228010029021563}","{'casas_unicas': 0.7570044454081898, 'casas_compartidas_duplex': 0.10983064144387118, 'departamentos': 0.12304881983073149, 'otras_viviendas': 0.010128644738913907}"
1409800010525,1211,1209,"{'casas_unicas': 895.9873089464037, 'casas_compartidas_duplex': 163.58902307967693, 'departamentos': 132.94133751661207, 'otras_viviendas': 18.490773609233184}","{'casas_unicas': 0.7398739132505397, 'casas_compartidas_duplex': 0.13508589849684305, 'departamentos': 0.10977814823832541, 'otras_viviendas': 0.01526901206377637}"
140980001053A,1142,1141,"{'casas_unicas': 918.6993062714075, 'casas_compartidas_duplex': 101.80639793437074, 'departamentos': 111.6200166792261, 'otras_viviendas': 9.874763478626313}","{'casas_unicas': 0.8044652419189208, 'casas_compartidas_duplex': 0.0891474587866644, 'departamentos': 0.09774082020947994, 'otras_viviendas': 0.008646903221213935}"
1409800010597,1907,1907,"{'casas_unicas': 1409.2907330537196, 'casas_compartidas_duplex': 270.11634608764945, 'departamentos': 196.51659420015562, 'otras_viviendas': 31.06430220221933}","{'casas_unicas': 0.7390092989269635, 'casas_compartidas_duplex': 0.141644649233167, 'departamentos': 0.10305012805461752, 'otras_viviendas': 0.016289618354598495}"
1409800010671,2434,2434,"{'casas_unicas': 1856.4758508522, 'casas_compartidas_duplex': 285.5917666953614, 'departamentos': 267.970538686958, 'otras_viviendas': 23.961744448353944}","{'casas_unicas': 0.7627263150584224, 'casas_compartidas_duplex': 0.1173343330712249, 'departamentos': 0.11009471597656449, 'otras_viviendas': 0.00984459508970992}"
1409800010718,1067,1066,"{'casas_unicas': 795.0967535753831, 'casas_compartidas_duplex': 141.44083403404207, 'departamentos': 112.15147189314682, 'otras_viviendas': 18.31749877669396}","{'casas_unicas': 0.7451703407454388, 'casas_compartidas_duplex': 0.13255935710781824, 'departamentos': 0.10510915828786019, 'otras_viviendas': 0.017167290324924048}"
1409800010794,1053,1053,"{'casas_unicas': 768.3795221743119, 'casas_compartidas_duplex': 153.5382358363623, 'departamentos': 115.00108980678651, 'otras_viviendas': 16.083166072395436}","{'casas_unicas': 0.7297051492633542, 'casas_compartidas_duplex': 0.14581029044288918, 'departamentos': 0.10921281083265576, 'otras_viviendas': 0.015273661987080186}"
140980001085A,1186,1186,"{'casas_unicas': 882.8130255888251, 'casas_compartidas_duplex': 164.86278166194242, 'departamentos': 120.63905059242289, 'otras_viviendas': 17.68780830995293}","{'casas_unicas': 0.7443617416431915, 'casas_compartidas_duplex': 0.13900740443671367, 'departamentos': 0.10171926694133465, 'otras_viviendas': 0.014913834999960313}"
1409800010953,2341,2341,"{'casas_unicas': 1812.351527332725, 'casas_compartidas_duplex': 255.91139468431618, 'departamentos': 251.34979245529163, 'otras_viviendas': 21.44123677848672}","{'casas_unicas': 0.7741783542642995, 'casas_compartidas_duplex': 0.10931712716117735, 'departamentos': 0.10736855722139754, 'otras_viviendas': 0.009159007594398427}"
1409800010968,2244,2243,"{'casas_unicas': 1650.4594144177508, 'casas_compartidas_duplex': 344.79037574846177, 'departamentos': 205.56908482677963, 'otras_viviendas': 43.122372396056356}","{'casas_unicas': 0.7354988477797464, 'casas_compartidas_duplex': 0.15364990006615944, 'departamentos': 0.09160832657164868, 'otras_viviendas': 0.019216743492003724}"
1409800010987,1147,1145,"{'casas_unicas': 849.1220597922596, 'casas_compartidas_duplex': 161.90973256093028, 'departamentos': 114.27909972450037, 'otras_viviendas': 21.711406861567504}","{'casas_unicas': 0.7402982212661374, 'casas_compartidas_duplex': 0.141159313479451, 'departamentos': 0.09963304247994802, 'otras_viviendas': 0.018928863872334355}"
1409800011044,1421,1421,"{'casas_unicas': 1046.3011692093744, 'casas_compartidas_duplex': 204.27135356831934, 'departamentos': 147.19498241429906, 'otras_viviendas': 23.23246287187323}","{'casas_unicas': 0.7363132788243311, 'casas_compartidas_duplex': 0.14375183220852875, 'departamentos': 0.10358549079120272, 'otras_viviendas': 0.01634937570152937}"
1409800011063,1126,1124,"{'casas_unicas': 823.1414639222778, 'casas_compartidas_duplex': 155.17150883476356, 'departamentos': 127.66277822013934, 'otras_viviendas': 20.039763422760537}","{'casas_unicas': 0.7310314954904776, 'casas_compartidas_duplex': 0.13780773431151294, 'departamentos': 0.11337724531095857, 'otras_viviendas': 0.0177973032173717}"
1409800011078,1124,1123,"{'casas_unicas': 836.4592363074388, 'casas_compartidas_duplex': 160.29427744539507, 'departamentos': 104.60635869200995, 'otras_viviendas': 22.64875215322761}","{'casas_unicas': 0.7441808152201412, 'casas_compartidas_duplex': 0.1426105671222376, 'departamentos': 0.09306615541993768, 'otras_viviendas': 0.02015013536764022}"
1409800011097,1777,1775,"{'casas_unicas': 1368.9606385380237, 'casas_compartidas_duplex': 180.454793564392, 'departamentos': 213.97203067180612, 'otras_viviendas': 13.64551086232337}","{'casas_unicas': 0.7703773992898276, 'casas_compartidas_duplex': 0.10155024961417669, 'departamentos': 0.1204119474799134, 'otras_viviendas': 0.007678959404796494}"
140980001110A,1177,1176,"{'casas_unicas': 887.9356631731864, 'casas_compartidas_duplex': 142.65529625151632, 'departamentos': 132.47410987910638, 'otras_viviendas': 13.932785880953512}","{'casas_unicas': 0.7544058310732255, 'casas_compartidas_duplex': 0.12120246070647096, 'departamentos': 0.11255234484206149, 'otras_viviendas': 0.011837541105313093}"
1409800011167,866,865,"{'casas_unicas': 658.3770532567663, 'casas_compartidas_duplex': 107.43949137746162, 'departamentos': 86.86178017028631, 'otras_viviendas': 13.32068139661392}","{'casas_unicas': 0.7602506388646262, 'casas_compartidas_duplex': 0.12406407780307346, 'departamentos': 0.10030228657076941, 'otras_viviendas': 0.01538184918777589}"
1409800011190,1320,1320,"{'casas_unicas': 991.2828348928124, 'casas_compartidas_duplex': 175.47987607406083, 'departamentos': 133.26178778889692, 'otras_viviendas': 19.925140254081725}","{'casas_unicas': 0.7509718446157669, 'casas_compartidas_duplex': 0.13293930005610669, 'departamentos': 0.10095589984007343, 'otras_viviendas': 0.015094803222789185}"
1409800011203,1044,1043,"{'casas_unicas': 776.6183650154215, 'casas_compartidas_duplex': 139.55115006473824, 'departamentos': 112.36380329294184, 'otras_viviendas': 15.448517781256092}","{'casas_unicas': 0.7438873228117064, 'casas_compartidas_duplex': 0.1336696839700558, 'departamentos': 0.10762816407369907, 'otras_viviendas': 0.014797430824957943}"
1409800011222,1332,1328,"{'casas_unicas': 993.8809120832578, 'casas_compartidas_duplex': 170.6965850481881, 'departamentos': 145.22525724011192, 'otras_viviendas': 22.23581538162313}","{'casas_unicas': 0.7461568409033468, 'casas_compartidas_duplex': 0.1281505893755166, 'departamentos': 0.10902797090098493, 'otras_viviendas': 0.016693555091308657}"
1409800011237,1190,1190,"{'casas_unicas': 890.1268744328337, 'casas_compartidas_duplex': 154.13741649641273, 'departamentos': 128.06230431708715, 'otras_viviendas': 17.69509777677248}","{'casas_unicas': 0.748005776834314, 'casas_compartidas_duplex': 0.129527240753288, 'departamentos': 0.10761538177906484, 'otras_viviendas': 0.014869830064514691}"
1409800011260,572,572,"{'casas_unicas': 432.8282834956022, 'casas_compartidas_duplex': 68.2289743839656, 'departamentos': 65.25579119473088, 'otras_viviendas': 5.688412700941003}","{'casas_unicas': 0.7566928033139898, 'casas_compartidas_duplex': 0.11928142374819162, 'departamentos': 0.11408355103973929, 'otras_viviendas': 0.009944777449197558}"
1409800011345,959,959,"{'casas_unicas': 747.6109774484064, 'casas_compartidas_duplex': 100.99892397406884, 'departamentos': 101.91509916812178, 'otras_viviendas': 8.476290157174143}","{'casas_unicas': 0.7795734905614248, 'casas_compartidas_duplex': 0.10531691759548367, 'departamentos': 0.10627226190627924, 'otras_viviendas': 0.008838675867751973}"
140980001135A,1655,1655,"{'casas_unicas': 1228.8655505441889, 'casas_compartidas_duplex': 234.12584587916785, 'departamentos': 164.7334402853796, 'otras_viviendas': 27.287301796731047}","{'casas_unicas': 0.7425169489692984, 'casas_compartidas_duplex': 0.14146576790282045, 'departamentos': 0.09953682192470066, 'otras_viviendas': 0.016487795647571628}"
1409800011379,1379,1378,"{'casas_unicas': 1039.4682345565811, 'casas_compartidas_duplex': 171.404934729524, 'departamentos': 149.04006830591905, 'otras_viviendas': 19.08585852914078}","{'casas_unicas': 0.753784071469602, 'casas_compartidas_duplex': 0.12429654440139522, 'departamentos': 0.10807836715440106, 'otras_viviendas': 0.013840361514967934}"
1409800011383,806,791,"{'casas_unicas': 588.659764041055, 'casas_compartidas_duplex': 107.88928515343022, 'departamentos': 80.52460341848544, 'otras_viviendas': 28.91887841005613}","{'casas_unicas': 0.7303471017879095, 'casas_compartidas_duplex': 0.13385767388763056, 'departamentos': 0.0999064558542003, 'otras_viviendas': 0.035879501749449295}"
1409800011398,956,954,"{'casas_unicas': 719.911481492421, 'casas_compartidas_duplex': 120.53791799439442, 'departamentos': 100.50828510877601, 'otras_viviendas': 15.036456188572792}","{'casas_unicas': 0.7530454827326579, 'casas_compartidas_duplex': 0.12608568827865524, 'departamentos': 0.10513418944432637, 'otras_viviendas': 0.01572851065750292}"
1409800011434,443,439,"{'casas_unicas': 329.47833447047407, 'casas_compartidas_duplex': 57.863691900425124, 'departamentos': 45.09136104839171, 'otras_viviendas': 10.556922671433103}","{'casas_unicas': 0.7437434186692417, 'casas_compartidas_duplex': 0.1306178146736459, 'departamentos': 0.10178636805506029, 'otras_viviendas': 0.023830525217681947}"
1409800011468,929,928,"{'casas_unicas': 682.0565152838749, 'casas_compartidas_duplex': 130.893891384734, 'departamentos': 101.27872311151991, 'otras_viviendas': 14.770225256991429}","{'casas_unicas': 0.7341835471301129, 'casas_compartidas_duplex': 0.14089762258851882, 'departamentos': 0.10901907762273402, 'otras_viviendas': 0.015899058403650624}"
1409800011519,1271,1269,"{'casas_unicas': 989.2978686029835, 'casas_compartidas_duplex': 123.2838018868517, 'departamentos': 147.6799782912162, 'otras_viviendas': 10.743670702972238}","{'casas_unicas': 0.7783618163674142, 'casas_compartidas_duplex': 0.0969974837819447, 'departamentos': 0.11619195774289237, 'otras_viviendas': 0.00845292738235424}"
1409800011542,713,711,"{'casas_unicas': 548.6088307687841, 'casas_compartidas_duplex': 76.69178367147786, 'departamentos': 80.02500301953208, 'otras_viviendas': 7.6763249290207245}","{'casas_unicas': 0.76943735030685, 'casas_compartidas_duplex': 0.10756210893615409, 'departamentos': 0.11223703088293419, 'otras_viviendas': 0.010766234122048702}"
1409800011576,1020,1016,"{'casas_unicas': 761.1469674535899, 'casas_compartidas_duplex': 138.90905990106975, 'departamentos': 98.92145962659134, 'otras_viviendas': 21.029773001151355}","{'casas_unicas': 0.7462225171113627, 'casas_compartidas_duplex': 0.13618535284418604, 'departamentos': 0.09698182316332485, 'otras_viviendas': 0.0206174245109327}"
1409800011608,503,501,"{'casas_unicas': 380.09304403556837, 'casas_compartidas_duplex': 62.672547477248784, 'departamentos': 52.5517968790042, 'otras_viviendas': 7.679802035476581}","{'casas_unicas': 0.7556521750210107, 'casas_compartidas_duplex': 0.1245975098951268, 'departamentos': 0.10447673335786123, 'otras_viviendas': 0.015267996094386841}"
1409800011631,750,749,"{'casas_unicas': 571.4622621185968, 'casas_compartidas_duplex': 89.83283719338924, 'departamentos': 78.85241774836224, 'otras_viviendas': 9.847800329688406}","{'casas_unicas': 0.7619496828247957, 'casas_compartidas_duplex': 0.11977711625785231, 'departamentos': 0.10513655699781632, 'otras_viviendas': 0.013130400439584541}"
1409800011646,800,799,"{'casas_unicas': 605.0092521228404, 'casas_compartidas_duplex': 102.19946588844789, 'departamentos': 80.43288267743813, 'otras_viviendas': 12.334922858845816}","{'casas_unicas': 0.7562615651535505, 'casas_compartidas_duplex': 0.12774933236055985, 'departamentos': 0.10054110334679767, 'otras_viviendas': 0.01541865357355727}"
1409800011684,327,326,"{'casas_unicas': 259.8252169006153, 'casas_compartidas_duplex': 27.617195660036902, 'departamentos': 36.66289111339011, 'otras_viviendas': 2.892809910561189}","{'casas_unicas': 0.7945725287480591, 'casas_compartidas_duplex': 0.08445625584109144, 'departamentos': 0.11211893306847129, 'otras_viviendas': 0.008846513487954706}"
1409800011716,257,257,"{'casas_unicas': 205.65131008589833, 'casas_compartidas_duplex': 22.855758922397452, 'departamentos': 26.561376176639957, 'otras_viviendas': 1.9305516588922293}","{'casas_unicas': 0.8001996501396822, 'casas_compartidas_duplex': 0.08893291409493172, 'departamentos': 0.10335165827486364, 'otras_viviendas': 0.007511874159113733}"
1409800011769,1021,1020,"{'casas_unicas': 769.9456117788006, 'casas_compartidas_duplex': 133.94494303486394, 'departamentos': 102.4200385037951, 'otras_viviendas': 14.699442135722187}","{'casas_unicas': 0.7541093161398635, 'casas_compartidas_duplex': 0.13118995400084618, 'departamentos': 0.10031345592928022, 'otras_viviendas': 0.014397102973283239}"
140980001181A,134,134,"{'casas_unicas': 100.24238200659042, 'casas_compartidas_duplex': 18.6918647466144, 'departamentos': 12.781462982810758, 'otras_viviendas': 2.28254293887934}","{'casas_unicas': 0.7480774776611225, 'casas_compartidas_duplex': 0.13949152795980896, 'departamentos': 0.09538405211052804, 'otras_viviendas': 0.017033902528950297}"
1409800011824,202,202,"{'casas_unicas': 148.83260572609115, 'casas_compartidas_duplex': 33.72185125860841, 'departamentos': 13.771733012403597, 'otras_viviendas': 5.672490424817155}","{'casas_unicas': 0.7367950778519363, 'casas_compartidas_duplex': 0.1669398577158832, 'departamentos': 0.06817689610100791, 'otras_viviendas': 0.02808163576642156}"
1409800011839,1016,1015,"{'casas_unicas': 743.880791094358, 'casas_compartidas_duplex': 145.74472453364518, 'departamentos': 111.77304974411733, 'otras_viviendas': 14.610817623459097}","{'casas_unicas': 0.7321661329668877, 'casas_compartidas_duplex': 0.1434495320213043, 'departamentos': 0.11001284423633595, 'otras_viviendas': 0.01438072600734163}"
1409800011877,311,311,"{'casas_unicas': 240.10339348504925, 'casas_compartidas_duplex': 39.934323910551086, 'departamentos': 26.245033641621564, 'otras_viviendas': 4.71445346480751}","{'casas_unicas': 0.7720366350001584, 'casas_compartidas_duplex': 0.12840618620755975, 'departamentos': 0.08438917569653236, 'otras_viviendas': 0.015159014356294243}"
1409800011909,1074,1074,"{'casas_unicas': 802.9364254503597, 'casas_compartidas_duplex': 144.5331937208181, 'departamentos': 109.41097943268808, 'otras_viviendas': 17.135535741827894}","{'casas_unicas': 0.7476130590785472, 'casas_compartidas_duplex': 0.13457466826891817, 'departamentos': 0.1018724203283874, 'otras_viviendas': 0.015954874992390962}"
1409800011951,1211,1206,"{'casas_unicas': 893.4470263275043, 'casas_compartidas_duplex': 169.71901540380352, 'departamentos': 123.93074560681859, 'otras_viviendas': 23.905964760836003}","{'casas_unicas': 0.7377762397419524, 'casas_compartidas_duplex': 0.14014782444575022, 'departamentos': 0.10233752733841336, 'otras_viviendas': 0.019740681057668047}"
1409800011966,1489,1487,"{'casas_unicas': 1085.8293979966527, 'casas_compartidas_duplex': 218.9084804719096, 'departamentos': 153.2950998535124, 'otras_viviendas': 30.975073275625707}","{'casas_unicas': 0.7292339811931852, 'casas_compartidas_duplex': 0.14701711247273982, 'departamentos': 0.10295171246038441, 'otras_viviendas': 0.020802601259654604}"
1409800011970,1076,1076,"{'casas_unicas': 785.8079846318127, 'casas_compartidas_duplex': 159.2954484926049, 'departamentos': 110.7381041930329, 'otras_viviendas': 20.170662844048916}","{'casas_unicas': 0.7303048184310527, 'casas_compartidas_duplex': 0.14804409711208633, 'departamentos': 0.10291645371099711, 'otras_viviendas': 0.018745969185919066}"
1409800012004,179,178,"{'casas_unicas': 132.42089623968127, 'casas_compartidas_duplex': 26.86757782819136, 'departamentos': 14.731591133491577, 'otras_viviendas': 4.960834541976396}","{'casas_unicas': 0.7397815432384428, 'casas_compartidas_duplex': 0.15009820015749364, 'departamentos': 0.08229939180721552, 'otras_viviendas': 0.027714159452382103}"
1409800012042,133,131,"{'casas_unicas': 98.45120127186532, 'casas_compartidas_duplex': 17.211342287716633, 'departamentos': 13.109648535118994, 'otras_viviendas': 4.228079350357554}","{'casas_unicas': 0.7402345960290625, 'casas_compartidas_duplex': 0.12940858862944837, 'departamentos': 0.0985687859783383, 'otras_viviendas': 0.031790070303440256}"
1409800012112,487,486,"{'casas_unicas': 389.0671736608119, 'casas_compartidas_duplex': 41.11507094149299, 'departamentos': 53.025691899651726, 'otras_viviendas': 3.790178845858215}","{'casas_unicas': 0.7989059007408869, 'casas_compartidas_duplex': 0.08442519700511907, 'departamentos': 0.10888232422926432, 'otras_viviendas': 0.007782708102378265}"
1409800012131,2012,2012,"{'casas_unicas': 1529.0481237543165, 'casas_compartidas_duplex': 223.51139964872635, 'departamentos': 244.88044813477754, 'otras_viviendas': 14.57092201098064}","{'casas_unicas': 0.7599642762198392, 'casas_compartidas_duplex': 0.11108916483535107, 'departamentos': 0.12170996428169857, 'otras_viviendas': 0.007242008951779642}"
1409800012150,1243,1241,"{'casas_unicas': 951.0302753164473, 'casas_compartidas_duplex': 138.3872739205443, 'departamentos': 139.74649419625865, 'otras_viviendas': 13.733400089061686}","{'casas_unicas': 0.7651088296994749, 'casas_compartidas_duplex': 0.11133328553543385, 'departamentos': 0.1124267853549949, 'otras_viviendas': 0.011048592187499345}"
1409800012199,755,755,"{'casas_unicas': 559.8104490048503, 'casas_compartidas_duplex': 103.82788487847621, 'departamentos': 80.77145789723063, 'otras_viviendas': 10.578817272841803}","{'casas_unicas': 0.7414707933839076, 'casas_compartidas_duplex': 0.13752037732248504, 'departamentos': 0.10698206344004058, 'otras_viviendas': 0.014011678507075236}"
1409800012201,1056,1049,"{'casas_unicas': 765.5693901825825, 'casas_compartidas_duplex': 177.3994540141976, 'departamentos': 79.03423857719318, 'otras_viviendas': 33.96110234121687}","{'casas_unicas': 0.7249710134304759, 'casas_compartidas_duplex': 0.1679919072104144, 'departamentos': 0.07484302895567536, 'otras_viviendas': 0.032160134792819005}"
1409800012254,725,725,"{'casas_unicas': 543.7249844493596, 'casas_compartidas_duplex': 101.24797456811231, 'departamentos': 67.75602222242033, 'otras_viviendas': 12.282305020879337}","{'casas_unicas': 0.74996549579222, 'casas_compartidas_duplex': 0.13965237871463768, 'departamentos': 0.09345658237575218, 'otras_viviendas': 0.01694111037362667}"
1409800012273,1720,1720,"{'casas_unicas': 1289.5372371584667, 'casas_compartidas_duplex': 234.30201571304843, 'departamentos': 172.49943854112402, 'otras_viviendas': 23.675877203858843}","{'casas_unicas': 0.7497309518363179, 'casas_compartidas_duplex': 0.13622210215874908, 'departamentos': 0.10029037124483954, 'otras_viviendas': 0.013765044885964443}"
1409800012292,1654,1654,"{'casas_unicas': 1248.6508253452794, 'casas_compartidas_duplex': 180.16606090305868, 'departamentos': 211.01023090144665, 'otras_viviendas': 14.221562704357794}","{'casas_unicas': 0.754927947608996, 'casas_compartidas_duplex': 0.10892748543111165, 'departamentos': 0.1275757139670173, 'otras_viviendas': 0.008598284585464204}"
1409800012358,1571,1571,"{'casas_unicas': 1193.2603127985674, 'casas_compartidas_duplex': 170.73794702476926, 'departamentos': 194.78816932158315, 'otras_viviendas': 12.264546719515048}","{'casas_unicas': 0.759554623041736, 'casas_compartidas_duplex': 0.10868106112334135, 'departamentos': 0.12398992318369392, 'otras_viviendas': 0.0078068406871515264}"
1409800012362,2578,2575,"{'casas_unicas': 1906.7462897245155, 'casas_compartidas_duplex': 284.83567829041885, 'departamentos': 365.42010591647806, 'otras_viviendas': 21.004782099600543}","{'casas_unicas': 0.7396223001258788, 'casas_compartidas_duplex': 0.11048707458899103, 'departamentos': 0.14174558026240422, 'otras_viviendas': 0.008147704460667395}"
1409800012377,3558,3557,"{'casas_unicas': 2769.6578672310525, 'casas_compartidas_duplex': 332.39581493682016, 'departamentos': 432.54904481699134, 'otras_viviendas': 23.46364741442537}","{'casas_unicas': 0.7784311037748882, 'casas_compartidas_duplex': 0.09342209526048909, 'departamentos': 0.12157083890303298, 'otras_viviendas': 0.00659461703609482}"
1409800012428,1076,1075,"{'casas_unicas': 821.7281027770483, 'casas_compartidas_duplex': 110.07096261542178, 'departamentos': 135.84575743507193, 'otras_viviendas': 8.359762704536456}","{'casas_unicas': 0.7636878278597103, 'casas_compartidas_duplex': 0.10229643365745518, 'departamentos': 0.12625070393594046, 'otras_viviendas': 0.007769296193807115}"
1409800012432,1351,1351,"{'casas_unicas': 990.6704985289059, 'casas_compartidas_duplex': 180.82045661073826, 'departamentos': 166.17948740053956, 'otras_viviendas': 13.322925419668936}","{'casas_unicas': 0.7332868234854966, 'casas_compartidas_duplex': 0.13384193679551315, 'departamentos': 0.12300480192489975, 'otras_viviendas': 0.009861528808045104}"
1409800012466,1922,1922,"{'casas_unicas': 1512.9556568987896, 'casas_compartidas_duplex': 169.52089684982352, 'departamentos': 230.24189363017572, 'otras_viviendas': 9.342997753529065}","{'casas_unicas': 0.7871777611336054, 'casas_compartidas_duplex': 0.08820025850667196, 'departamentos': 0.1197928686941601, 'otras_viviendas': 0.004861081037215955}"
1409800012485,623,623,"{'casas_unicas': 468.6812552615003, 'casas_compartidas_duplex': 67.29379866586005, 'departamentos': 83.59818496377126, 'otras_viviendas': 3.4419877396954246}","{'casas_unicas': 0.7522973599703054, 'casas_compartidas_duplex': 0.10801572819560201, 'departamentos': 0.13418649271873395, 'otras_viviendas': 0.005524859935305658}"
1409800012555,2047,2047,"{'casas_unicas': 1578.716935442564, 'casas_compartidas_duplex': 199.38842587145342, 'departamentos': 257.36601347855645, 'otras_viviendas': 11.529114349363153}","{'casas_unicas': 0.7712344579592398, 'casas_compartidas_duplex': 0.09740519094843841, 'departamentos': 0.12572838958405297, 'otras_viviendas': 0.005632200463782684}"
140980001256A,971,971,"{'casas_unicas': 770.0847202240022, 'casas_compartidas_duplex': 83.15236070735341, 'departamentos': 112.87787838309698, 'otras_viviendas': 4.897732467053556}","{'casas_unicas': 0.7930841608898066, 'casas_compartidas_duplex': 0.0856357988747203, 'departamentos': 0.11624910235128423, 'otras_viviendas': 0.005044008719931572}"
1409800012574,3604,3604,"{'casas_unicas': 2912.9831144836053, 'casas_compartidas_duplex': 275.64670839687614, 'departamentos': 398.2593255015506, 'otras_viviendas': 17.1466878953793}","{'casas_unicas': 0.8082639052396241, 'casas_compartidas_duplex': 0.07648354838981025, 'departamentos': 0.11050480729787752, 'otras_viviendas': 0.004757682545887708}"
1409800012589,1243,1240,"{'casas_unicas': 961.981099842159, 'casas_compartidas_duplex': 122.66323879969816, 'departamentos': 146.9266788500149, 'otras_viviendas': 11.430665748699559}","{'casas_unicas': 0.7739188252953814, 'casas_compartidas_duplex': 0.09868321705526803, 'departamentos': 0.11820328145616645, 'otras_viviendas': 0.009196030369026194}"
1409800012625,897,896,"{'casas_unicas': 676.2941542277449, 'casas_compartidas_duplex': 118.76135320257525, 'departamentos': 88.001890525691, 'otras_viviendas': 13.940916030891588}","{'casas_unicas': 0.7539511195404068, 'casas_compartidas_duplex': 0.13239838707087542, 'departamentos': 0.09810690136643366, 'otras_viviendas': 0.015541712409020723}"
1409800012659,1017,1014,"{'casas_unicas': 760.2048024446714, 'casas_compartidas_duplex': 133.87899197269317, 'departamentos': 107.27508580690937, 'otras_viviendas': 15.65627589976773}","{'casas_unicas': 0.7474973475365501, 'casas_compartidas_duplex': 0.1316410933851457, 'departamentos': 0.10548189361544678, 'otras_viviendas': 0.015394568239692949}"
1409800012663,574,574,"{'casas_unicas': 446.4622917252441, 'casas_compartidas_duplex': 55.99202067320461, 'departamentos': 68.1931988081622, 'otras_viviendas': 3.3810616557943316}","{'casas_unicas': 0.7778088706014705, 'casas_compartidas_duplex': 0.09754707434356204, 'departamentos': 0.11880348224418501, 'otras_viviendas': 0.005890351316714864}"
1409800012697,871,871,"{'casas_unicas': 677.0177646640652, 'casas_compartidas_duplex': 96.99209047219796, 'departamentos': 88.54298172313989, 'otras_viviendas': 8.429650795972565}","{'casas_unicas': 0.7772879043215445, 'casas_compartidas_duplex': 0.1113571647212376, 'departamentos': 0.10165669543414453, 'otras_viviendas': 0.00967812950169066}"
140980001270A,1030,1030,"{'casas_unicas': 800.1892491471918, 'casas_compartidas_duplex': 101.34715778659364, 'departamentos': 120.72916631530873, 'otras_viviendas': 7.724023275785272}","{'casas_unicas': 0.7768827661623222, 'casas_compartidas_duplex': 0.09839529882193557, 'departamentos': 0.11721278283039682, 'otras_viviendas': 0.0074990517240633705}"
1409800012714,3137,3137,"{'casas_unicas': 2463.0641782283515, 'casas_compartidas_duplex': 310.1277361217627, 'departamentos': 342.46584127832205, 'otras_viviendas': 21.334262147204576}","{'casas_unicas': 0.7851655015072845, 'casas_compartidas_duplex': 0.09886124836524154, 'departamentos': 0.10916985695834301, 'otras_viviendas': 0.006800848628372514}"
1409800012729,799,799,"{'casas_unicas': 629.2964606107805, 'casas_compartidas_duplex': 78.01968092621985, 'departamentos': 85.65277790055684, 'otras_viviendas': 6.03884090649215}","{'casas_unicas': 0.7876050821161208, 'casas_compartidas_duplex': 0.09764665948212747, 'departamentos': 0.10719997234112245, 'otras_viviendas': 0.007557998631404443}"
1409800012733,1471,1471,"{'casas_unicas': 1162.725476971868, 'casas_compartidas_duplex': 131.8810531806918, 'departamentos': 168.22034707934571, 'otras_viviendas': 8.16750994870596}","{'casas_unicas': 0.7904320033799238, 'casas_compartidas_duplex': 0.08965401303921944, 'departamentos': 0.11435781582552394, 'otras_viviendas': 0.005552352106530225}"
1409800012752,510,510,"{'casas_unicas': 405.82020616442185, 'casas_compartidas_duplex': 46.95787407062747, 'departamentos': 53.86500114838406, 'otras_viviendas': 3.3518333021789197}","{'casas_unicas': 0.7957258944400428, 'casas_compartidas_duplex': 0.09207426288358327, 'departamentos': 0.10561764931055698, 'otras_viviendas': 0.0065722221611351364}"
1409800012767,517,517,"{'casas_unicas': 386.8696436131682, 'casas_compartidas_duplex': 73.62139207649844, 'departamentos': 48.33722748378775, 'otras_viviendas': 8.192349510375598}","{'casas_unicas': 0.7482971830041938, 'casas_compartidas_duplex': 0.1424011452156643, 'departamentos': 0.09349560441738443, 'otras_viviendas': 0.015845937157399608}"
1409800012786,750,750,"{'casas_unicas': 557.9011626707539, 'casas_compartidas_duplex': 95.18988822872868, 'departamentos': 88.72975630073924, 'otras_viviendas': 8.183252048430864}","{'casas_unicas': 0.7438682168943386, 'casas_compartidas_duplex': 0.12691985097163824, 'departamentos': 0.11830634173431899, 'otras_viviendas': 0.010911002731241152}"
1409800012803,867,867,"{'casas_unicas': 700.0545639147645, 'casas_compartidas_duplex': 68.36723528870453, 'departamentos': 93.94723185173062, 'otras_viviendas': 4.6290312623404875}","{'casas_unicas': 0.8074447103976522, 'casas_compartidas_duplex': 0.07885494266286566, 'departamentos': 0.10835897560753244, 'otras_viviendas': 0.005339136404083607}"
1409800012822,838,837,"{'casas_unicas': 637.1484296099977, 'casas_compartidas_duplex': 94.22636960834451, 'departamentos': 98.66251099030777, 'otras_viviendas': 7.961538235317683}","{'casas_unicas': 0.7603203217303075, 'casas_compartidas_duplex': 0.1124419685063777, 'departamentos': 0.11773569330585652, 'otras_viviendas': 0.009500642285581961}"
1409800012837,718,718,"{'casas_unicas': 560.8259089756358, 'casas_compartidas_duplex': 71.43026581613759, 'departamentos': 80.21133632634769, 'otras_viviendas': 5.532109141285984}","{'casas_unicas': 0.7810945807460109, 'casas_compartidas_duplex': 0.09948504988319999, 'departamentos': 0.1117149531007628, 'otras_viviendas': 0.007704887383406663}"
1409800012841,848,848,"{'casas_unicas': 660.969641063952, 'casas_compartidas_duplex': 90.06985588445318, 'departamentos': 89.5742796410463, 'otras_viviendas': 7.394307867620366}","{'casas_unicas': 0.7794453314433397, 'casas_compartidas_duplex': 0.10621445269393064, 'departamentos': 0.10563004674651687, 'otras_viviendas': 0.00871970267408062}"
1409800012856,1445,1445,"{'casas_unicas': 1122.223172946859, 'casas_compartidas_duplex': 157.31049369346803, 'departamentos': 150.75898706731132, 'otras_viviendas': 14.673997229989965}","{'casas_unicas': 0.7766250331812173, 'casas_compartidas_duplex': 0.10886539355949344, 'departamentos': 0.1043314789393158, 'otras_viviendas': 0.0101550153840761}"
1409800012911,1063,1063,"{'casas_unicas': 864.3196988659405, 'casas_compartidas_duplex': 81.11326889388408, 'departamentos': 112.34707686983994, 'otras_viviendas': 5.1822427147850005}","{'casas_unicas': 0.8130947308240268, 'casas_compartidas_duplex': 0.07630599143356923, 'departamentos': 0.10568868943540916, 'otras_viviendas': 0.004875110738273754}"
1409800012930,262,260,"{'casas_unicas': 194.1529688538695, 'casas_compartidas_duplex': 35.15589891090128, 'departamentos': 26.921415050279986, 'otras_viviendas': 5.770667174090184}","{'casas_unicas': 0.7410418658544637, 'casas_compartidas_duplex': 0.13418282027061557, 'departamentos': 0.10275349255832056, 'otras_viviendas': 0.022025447229351847}"
1409800012979,43,43,"{'casas_unicas': 33.43963268875201, 'casas_compartidas_duplex': 6.12015152928457, 'departamentos': 2.7442508306093405, 'otras_viviendas': 0.6962564028179955}","{'casas_unicas': 0.777665876482605, 'casas_compartidas_duplex': 0.1423291053321993, 'departamentos': 0.06381978675835676, 'otras_viviendas': 0.01619200936786036}"
1409800012983,382,382,"{'casas_unicas': 304.78290841764294, 'casas_compartidas_duplex': 33.8885557379399, 'departamentos': 41.00517796017055, 'otras_viviendas': 2.3228107065233217}","{'casas_unicas': 0.7978610168001125, 'casas_compartidas_duplex': 0.08871349669617776, 'departamentos': 0.10734339780149359, 'otras_viviendas': 0.006080656299799272}"
1409800013040,613,611,"{'casas_unicas': 451.0163277339432, 'casas_compartidas_duplex': 92.47821882472688, 'departamentos': 54.74171314062014, 'otras_viviendas': 14.765723377677926}","{'casas_unicas': 0.7357525737910983, 'casas_compartidas_duplex': 0.15086169465697696, 'departamentos': 0.0893013264936707, 'otras_viviendas': 0.024087640094091232}"
1409800013055,328,328,"{'casas_unicas': 244.37884672492066, 'casas_compartidas_duplex': 45.09531692950763, 'departamentos': 33.327630528780254, 'otras_viviendas': 5.210969568389437}","{'casas_unicas': 0.7450574595271972, 'casas_compartidas_duplex': 0.13748572234605985, 'departamentos': 0.10160862966091541, 'otras_viviendas': 0.015887102342650724}"
1409800013182,1714,1713,"{'casas_unicas': 1294.8513762217838, 'casas_compartidas_duplex': 196.80227469154048, 'departamentos': 208.4247276961151, 'otras_viviendas': 13.923047653779447}","{'casas_unicas': 0.7554558787758365, 'casas_compartidas_duplex': 0.11482046364733983, 'departamentos': 0.12160135804907532, 'otras_viviendas': 0.008123131653313563}"
140980001320A,2045,2044,"{'casas_unicas': 1586.3907976967268, 'casas_compartidas_duplex': 226.3416514403788, 'departamentos': 211.74632986873053, 'otras_viviendas': 20.520355386557235}","{'casas_unicas': 0.7757412213675926, 'casas_compartidas_duplex': 0.11068051415177448, 'departamentos': 0.10354343758862128, 'otras_viviendas': 0.010034403612008427}"
1409800013214,1627,1627,"{'casas_unicas': 1274.0013175762406, 'casas_compartidas_duplex': 158.84609164228192, 'departamentos': 183.444210531868, 'otras_viviendas': 10.715440881841737}","{'casas_unicas': 0.7830370728802953, 'casas_compartidas_duplex': 0.09763127943594463, 'departamentos': 0.11274997574177505, 'otras_viviendas': 0.006586011605311455}"
1409800013267,348,348,"{'casas_unicas': 283.96857437943464, 'casas_compartidas_duplex': 27.904564208674927, 'departamentos': 34.09876486145107, 'otras_viviendas': 2.0332904546092676}","{'casas_unicas': 0.8160016505156168, 'casas_compartidas_duplex': 0.08018552933527277, 'departamentos': 0.09798495649842262, 'otras_viviendas': 0.005842788662670309}"
1409800013290,96,94,"{'casas_unicas': 72.5010982529243, 'casas_compartidas_duplex': 13.316948717381317, 'departamentos': 6.205258736055068, 'otras_viviendas': 3.9765921442377596}","{'casas_unicas': 0.7552197734679614, 'casas_compartidas_duplex': 0.1387182158060554, 'departamentos': 0.06463811183390696, 'otras_viviendas': 0.041422834835809996}"
1409800013322,385,385,"{'casas_unicas': 281.8025905497619, 'casas_compartidas_duplex': 64.59979191105813, 'departamentos': 26.80409952027807, 'otras_viviendas': 11.789480050232166}","{'casas_unicas': 0.7319547806487321, 'casas_compartidas_duplex': 0.1677916673014497, 'departamentos': 0.06962103771500797, 'otras_viviendas': 0.03062202610449913}"
1409800013375,493,493,"{'casas_unicas': 401.98469117089473, 'casas_compartidas_duplex': 40.634654184238045, 'departamentos': 47.310018765554304, 'otras_viviendas': 3.1037661306554556}","{'casas_unicas': 0.8153847691093199, 'casas_compartidas_duplex': 0.08242323363942808, 'departamentos': 0.09596352690781806, 'otras_viviendas': 0.0062956716646155285}"
1409800013394,206,206,"{'casas_unicas': 149.18298897602114, 'casas_compartidas_duplex': 29.191281059812514, 'departamentos': 24.734932739444325, 'otras_viviendas': 2.8916800090781227}","{'casas_unicas': 0.724189266873889, 'casas_compartidas_duplex': 0.14170524786316754, 'departamentos': 0.12007248902642877, 'otras_viviendas': 0.014037281597466615}"
140980012,1279,1277,"{'casas_unicas': 1028.0959980473474, 'casas_compartidas_duplex': 113.73938375214533, 'departamentos': 126.23072934702762, 'otras_viviendas': 10.93677119897763}","{'casas_unicas': 0.8038279890909674, 'casas_compartidas_duplex': 0.08892836884452332, 'departamentos': 0.09869486266382144, 'otras_viviendas': 0.008551032993727623}"
1409800140027,850,848,"{'casas_unicas': 640.6303007511804, 'casas_compartidas_duplex': 105.97927769707633, 'departamentos': 90.69977910282303, 'otras_viviendas': 12.698556690588443}","{'casas_unicas': 0.7536827067660945, 'casas_compartidas_duplex': 0.12468150317303098, 'departamentos': 0.10670562247390945, 'otras_viviendas': 0.014939478459515815}"
1409800141114,820,820,"{'casas_unicas': 614.6468549980688, 'casas_compartidas_duplex': 112.43664652655693, 'departamentos': 79.36759701704044, 'otras_viviendas': 13.551897362045644}","{'casas_unicas': 0.7495693353634985, 'casas_compartidas_duplex': 0.13711786161775236, 'departamentos': 0.09678975245980541, 'otras_viviendas': 0.01652670410005566}"
1409800141129,1480,1479,"{'casas_unicas': 1135.0271599130688, 'casas_compartidas_duplex': 162.19187577365074, 'departamentos': 167.2161725533084, 'otras_viviendas': 15.56059117963434}","{'casas_unicas': 0.766910243184506, 'casas_compartidas_duplex': 0.10958910525246672, 'departamentos': 0.11298390037385704, 'otras_viviendas': 0.010513912959212392}"
1409800142019,381,381,"{'casas_unicas': 294.59429409207803, 'casas_compartidas_duplex': 43.51728583722611, 'departamentos': 38.52513585435805, 'otras_viviendas': 4.357081947368236}","{'casas_unicas': 0.7732133703204148, 'casas_compartidas_duplex': 0.1142185979979688, 'departamentos': 0.1011158421374227, 'otras_viviendas': 0.011435910623013744}"
1409800142127,474,474,"{'casas_unicas': 364.69690342103894, 'casas_compartidas_duplex': 50.806854089481874, 'departamentos': 54.187115242963195, 'otras_viviendas': 4.304575786354481}","{'casas_unicas': 0.7694027498334155, 'casas_compartidas_duplex': 0.10718745588498285, 'departamentos': 0.11431880852945822, 'otras_viviendas': 0.009081383515515783}"
1409800143229,60,60,"{'casas_unicas': 46.850279129917894, 'casas_compartidas_duplex': 7.8277683925422705, 'departamentos': 4.6290822048299445, 'otras_viviendas': 0.6927199665221061}","{'casas_unicas': 0.7808379854986316, 'casas_compartidas_duplex': 0.13046280654237116, 'departamentos': 0.07715137008049908, 'otras_viviendas': 0.011545332775368435}"
1409801282875,879,879,"{'casas_unicas': 674.8398234406726, 'casas_compartidas_duplex': 88.84236354343962, 'departamentos': 108.09811640684212, 'otras_viviendas': 7.218726349152812}","{'casas_unicas': 0.7677358628449062, 'casas_compartidas_duplex': 0.10107208594247966, 'departamentos': 0.12297851695886476, 'otras_viviendas': 0.008212430431345633}"
140980128288A,588,585,"{'casas_unicas': 448.4190812252828, 'casas_compartidas_duplex': 59.69295736891914, 'departamentos': 71.52348074673242, 'otras_viviendas': 8.344349599775246}","{'casas_unicas': 0.7626174850770115, 'casas_compartidas_duplex': 0.101518634981155, 'departamentos': 0.12163857269852452, 'otras_viviendas': 0.014191070747917084}"
140980243,819,819,"{'casas_unicas': 621.2073581911221, 'casas_compartidas_duplex': 124.67396888104024, 'departamentos': 55.3232348711852, 'otras_viviendas': 17.78171569379946}","{'casas_unicas': 0.7584949428463029, 'casas_compartidas_duplex': 0.15222706823081836, 'departamentos': 0.06754973732745445, 'otras_viviendas': 0.021711496573625713}"
1410100010147,1463,1460,"{'casas_unicas': 1131.0694949966946, 'casas_compartidas_duplex': 210.34790001888538, 'departamentos': 115.13300365093397, 'otras_viviendas': 6.441150038591054}","{'casas_unicas': 0.7731165379334891, 'casas_compartidas_duplex': 0.1437784689124302, 'departamentos': 0.07869651650781542, 'otras_viviendas': 0.004402699958025328}"
1410100010151,746,745,"{'casas_unicas': 575.9265446263602, 'casas_compartidas_duplex': 108.29858549656561, 'departamentos': 58.798141514437795, 'otras_viviendas': 2.9712298886012656}","{'casas_unicas': 0.7720194968181772, 'casas_compartidas_duplex': 0.14517236661738017, 'departamentos': 0.07881788406761099, 'otras_viviendas': 0.00398288188820545}"
1410100010202,1591,1587,"{'casas_unicas': 1267.2450652258813, 'casas_compartidas_duplex': 215.59879497395232, 'departamentos': 101.30528617742705, 'otras_viviendas': 6.851032541269778}","{'casas_unicas': 0.7965085262261982, 'casas_compartidas_duplex': 0.13551149904082485, 'departamentos': 0.06367396994181461, 'otras_viviendas': 0.004306117247812557}"
1410100010310,1538,1538,"{'casas_unicas': 1221.509063904516, 'casas_compartidas_duplex': 198.92343310104215, 'departamentos': 115.60492054335013, 'otras_viviendas': 1.9754944424518268}","{'casas_unicas': 0.794219157285121, 'casas_compartidas_duplex': 0.12933903322564508, 'departamentos': 0.07516574807760086, 'otras_viviendas': 0.0012844567246110708}"
1410100010378,1120,1119,"{'casas_unicas': 864.5758951750385, 'casas_compartidas_duplex': 160.8612067009945, 'departamentos': 90.96302102835482, 'otras_viviendas': 3.600686814445904}","{'casas_unicas': 0.7719427635491415, 'casas_compartidas_duplex': 0.14362607741160224, 'departamentos': 0.08121698306103109, 'otras_viviendas': 0.003214898941469557}"
1410100010397,1320,1318,"{'casas_unicas': 1036.4152274635717, 'casas_compartidas_duplex': 192.41861287395932, 'departamentos': 85.44079450676777, 'otras_viviendas': 5.726057047833142}","{'casas_unicas': 0.7851630511087664, 'casas_compartidas_duplex': 0.14577167641966615, 'departamentos': 0.06472787462633922, 'otras_viviendas': 0.004337922005934199}"
1410100010433,1818,1816,"{'casas_unicas': 1449.4810284004755, 'casas_compartidas_duplex': 238.63676962229766, 'departamentos': 124.45633647502862, 'otras_viviendas': 5.429182072102291}","{'casas_unicas': 0.7972942950497665, 'casas_compartidas_duplex': 0.13126334962722644, 'departamentos': 0.06845783084435017, 'otras_viviendas': 0.0029863487745337134}"
1410100010452,1056,1054,"{'casas_unicas': 839.8576986124061, 'casas_compartidas_duplex': 146.28537067940698, 'departamentos': 65.61332530519994, 'otras_viviendas': 4.2582317017683815}","{'casas_unicas': 0.7953197903526573, 'casas_compartidas_duplex': 0.1385278131433778, 'departamentos': 0.06213383078143933, 'otras_viviendas': 0.004032416384250361}"
1410100010471,1739,1737,"{'casas_unicas': 1379.3283231519408, 'casas_compartidas_duplex': 249.710271451183, 'departamentos': 103.61276050161358, 'otras_viviendas': 6.377137764337659}","{'casas_unicas': 0.7931732738079016, 'casas_compartidas_duplex': 0.1435941756476038, 'departamentos': 0.0595818059238721, 'otras_viviendas': 0.003667129249187843}"
1410100010490,736,735,"{'casas_unicas': 585.8154062871461, 'casas_compartidas_duplex': 96.65518390931855, 'departamentos': 51.385510144088265, 'otras_viviendas': 2.1400622112871273}","{'casas_unicas': 0.7959448454988397, 'casas_compartidas_duplex': 0.13132497813766109, 'departamentos': 0.06981726921751123, 'otras_viviendas': 0.00290769322185751}"
1410100010522,770,770,"{'casas_unicas': 609.3342373217301, 'casas_compartidas_duplex': 111.89553164683717, 'departamentos': 45.81780783772128, 'otras_viviendas': 3.015857410591532}","{'casas_unicas': 0.7913431653528963, 'casas_compartidas_duplex': 0.1453188722686197, 'departamentos': 0.059503646542495174, 'otras_viviendas': 0.003916697935833159}"
1410100010537,803,803,"{'casas_unicas': 635.2186143649939, 'casas_compartidas_duplex': 113.98158206498024, 'departamentos': 52.0148213495072, 'otras_viviendas': 1.8067932224504806}","{'casas_unicas': 0.7910568049377259, 'casas_compartidas_duplex': 0.1419446850124287, 'departamentos': 0.06477561811893798, 'otras_viviendas': 0.002250053826214795}"
1410100010541,893,890,"{'casas_unicas': 709.5025623971296, 'casas_compartidas_duplex': 120.52022924372412, 'departamentos': 58.413188974478594, 'otras_viviendas': 4.568909175099524}","{'casas_unicas': 0.7945157473652067, 'casas_compartidas_duplex': 0.13496106298289376, 'departamentos': 0.06541230568250682, 'otras_viviendas': 0.005116359658566096}"
1410100010594,1617,1616,"{'casas_unicas': 1292.5797313758746, 'casas_compartidas_duplex': 206.80388364826177, 'departamentos': 114.0308488328731, 'otras_viviendas': 3.5881459978331245}","{'casas_unicas': 0.7993690361013449, 'casas_compartidas_duplex': 0.12789355822403325, 'departamentos': 0.07052000546250656, 'otras_viviendas': 0.0022190142225313077}"
1410100010611,626,626,"{'casas_unicas': 496.9199060024539, 'casas_compartidas_duplex': 85.41183757232848, 'departamentos': 42.57973136604783, 'otras_viviendas': 1.103333244722303}","{'casas_unicas': 0.7938017667770829, 'casas_compartidas_duplex': 0.13644063509956625, 'departamentos': 0.06801874020135436, 'otras_viviendas': 0.0017625131704829121}"
1410100010630,590,590,"{'casas_unicas': 461.6615325169981, 'casas_compartidas_duplex': 82.87897466605939, 'departamentos': 44.357024617384475, 'otras_viviendas': 1.1037623362866549}","{'casas_unicas': 0.7824771737576238, 'casas_compartidas_duplex': 0.14047283841704983, 'departamentos': 0.07518139765658385, 'otras_viviendas': 0.0018707836208248388}"
141010001065A,1135,1135,"{'casas_unicas': 903.2054330307523, 'casas_compartidas_duplex': 151.30242387293066, 'departamentos': 78.65295453556031, 'otras_viviendas': 1.8282713259498322}","{'casas_unicas': 0.7957757119213676, 'casas_compartidas_duplex': 0.13330610032857326, 'departamentos': 0.06929775730005314, 'otras_viviendas': 0.0016108117409249624}"
1410100010679,2368,2367,"{'casas_unicas': 1884.368562342627, 'casas_compartidas_duplex': 325.02685529721055, 'departamentos': 152.48691227364372, 'otras_viviendas': 6.09477797682833}","{'casas_unicas': 0.7957637509892851, 'casas_compartidas_duplex': 0.13725796254105174, 'departamentos': 0.06439481092636981, 'otras_viviendas': 0.0025738082672416935}"
1410100010700,978,978,"{'casas_unicas': 770.4251295616704, 'casas_compartidas_duplex': 137.78001705441943, 'departamentos': 67.68479628953821, 'otras_viviendas': 2.1089443993265378}","{'casas_unicas': 0.787755756198027, 'casas_compartidas_duplex': 0.14087936304132867, 'departamentos': 0.06920735816926198, 'otras_viviendas': 0.0021563848663870527}"
1410100010749,1104,1103,"{'casas_unicas': 862.5440938689054, 'casas_compartidas_duplex': 158.58872855180473, 'departamentos': 79.41502712440288, 'otras_viviendas': 3.4567985818552116}","{'casas_unicas': 0.7812899400986462, 'casas_compartidas_duplex': 0.14364921064475067, 'departamentos': 0.07193390138079972, 'otras_viviendas': 0.0031311581357384164}"
1410100010768,1140,1140,"{'casas_unicas': 887.9994028610113, 'casas_compartidas_duplex': 160.72143783852582, 'departamentos': 88.97924128279453, 'otras_viviendas': 2.2773776586154857}","{'casas_unicas': 0.7789468446149221, 'casas_compartidas_duplex': 0.14098371740221563, 'departamentos': 0.07805196603753907, 'otras_viviendas': 0.0019976997005399}"
1410100010787,1451,1451,"{'casas_unicas': 1149.4564218007142, 'casas_compartidas_duplex': 196.5005573023919, 'departamentos': 102.50747623580521, 'otras_viviendas': 2.548997454843002}","{'casas_unicas': 0.7921822341838141, 'casas_compartidas_duplex': 0.1354242297053011, 'departamentos': 0.07064608975589608, 'otras_viviendas': 0.001756717749719505}"
1410100010819,567,566,"{'casas_unicas': 445.40051120296465, 'casas_compartidas_duplex': 76.93403026415761, 'departamentos': 42.6117192456183, 'otras_viviendas': 2.052629122746457}","{'casas_unicas': 0.7855388204637824, 'casas_compartidas_duplex': 0.1356861203953397, 'departamentos': 0.07515294399579947, 'otras_viviendas': 0.003620157182974351}"
1410100010823,902,902,"{'casas_unicas': 713.5489451476332, 'casas_compartidas_duplex': 115.77236511038996, 'departamentos': 71.65359357597016, 'otras_viviendas': 1.0289869635050097}","{'casas_unicas': 0.7910742185672208, 'casas_compartidas_duplex': 0.12835073737293787, 'departamentos': 0.07943857380927956, 'otras_viviendas': 0.0011407837732871505}"
1410100010857,648,646,"{'casas_unicas': 501.61132871828113, 'casas_compartidas_duplex': 89.12755374235755, 'departamentos': 54.064253077268916, 'otras_viviendas': 3.2012477564736526}","{'casas_unicas': 0.7740915566640141, 'casas_compartidas_duplex': 0.1375425212073419, 'departamentos': 0.08343248931677302, 'otras_viviendas': 0.004940197155051933}"
1410100010861,1741,1741,"{'casas_unicas': 1342.920758154393, 'casas_compartidas_duplex': 244.0589429952342, 'departamentos': 151.12317192028328, 'otras_viviendas': 2.925465962620315}","{'casas_unicas': 0.7713502344367565, 'casas_compartidas_duplex': 0.14018319528732578, 'departamentos': 0.08680251115467162, 'otras_viviendas': 0.0016803365666974814}"
1410100010895,850,850,"{'casas_unicas': 663.4634339360965, 'casas_compartidas_duplex': 114.76271145690332, 'departamentos': 70.2784541676325, 'otras_viviendas': 1.488891996575018}","{'casas_unicas': 0.7805452163954076, 'casas_compartidas_duplex': 0.13501495465518037, 'departamentos': 0.08268053431486178, 'otras_viviendas': 0.001751637643029433}"
1410100010912,1395,1395,"{'casas_unicas': 1083.3415147848225, 'casas_compartidas_duplex': 200.5131721551137, 'departamentos': 108.21794340135486, 'otras_viviendas': 2.8558436226251938}","{'casas_unicas': 0.7765888994873279, 'casas_compartidas_duplex': 0.14373704097140766, 'departamentos': 0.07757558666763789, 'otras_viviendas': 0.0020471997294804257}"
1410100010931,918,916,"{'casas_unicas': 712.0664101860158, 'casas_compartidas_duplex': 127.92671078739271, 'departamentos': 74.06670924599574, 'otras_viviendas': 3.9478326522538145}","{'casas_unicas': 0.7756714707908668, 'casas_compartidas_duplex': 0.13935371545467615, 'departamentos': 0.08068268981045287, 'otras_viviendas': 0.004300471298751432}"
1410100010946,1513,1513,"{'casas_unicas': 1179.2176447826114, 'casas_compartidas_duplex': 214.6766248279473, 'departamentos': 115.89065036401273, 'otras_viviendas': 3.2204633905397597}","{'casas_unicas': 0.7793903798959758, 'casas_compartidas_duplex': 0.1418880534223049, 'departamentos': 0.07659659640714656, 'otras_viviendas': 0.0021285283480104162}"
1410100010950,1055,1053,"{'casas_unicas': 824.8925849626452, 'casas_compartidas_duplex': 143.89075979919104, 'departamentos': 82.36619032594767, 'otras_viviendas': 3.8479387682700197}","{'casas_unicas': 0.78188870612573, 'casas_compartidas_duplex': 0.13638934578122375, 'departamentos': 0.0780722183184338, 'otras_viviendas': 0.0036473353253744264}"
1410100010965,1176,1176,"{'casas_unicas': 922.0411207342426, 'casas_compartidas_duplex': 166.72418150588135, 'departamentos': 84.29838117377291, 'otras_viviendas': 2.9336611391281107}","{'casas_unicas': 0.7840485720529273, 'casas_compartidas_duplex': 0.14177226318527325, 'departamentos': 0.07168229691647356, 'otras_viviendas': 0.002494609812183768}"
1410100010999,1260,1260,"{'casas_unicas': 994.589183178085, 'casas_compartidas_duplex': 171.1417481570974, 'departamentos': 91.81781979000205, 'otras_viviendas': 2.4706463313916056}","{'casas_unicas': 0.7893564945857817, 'casas_compartidas_duplex': 0.1358267842516646, 'departamentos': 0.07287128554762068, 'otras_viviendas': 0.0019608304217393693}"
1410100011003,976,976,"{'casas_unicas': 758.68417902115, 'casas_compartidas_duplex': 137.86274522334008, 'departamentos': 77.3961901376188, 'otras_viviendas': 2.075311088689616}","{'casas_unicas': 0.7773403473577357, 'casas_compartidas_duplex': 0.14125281272883206, 'departamentos': 0.07929937514100287, 'otras_viviendas': 0.002126343328575426}"
1410100011018,633,633,"{'casas_unicas': 498.36223086402873, 'casas_compartidas_duplex': 86.40805191899501, 'departamentos': 47.05470343435391, 'otras_viviendas': 1.173988728521318}","{'casas_unicas': 0.7873021024708194, 'casas_compartidas_duplex': 0.13650561124643762, 'departamentos': 0.07433602438286557, 'otras_viviendas': 0.0018546425411079272}"
1410100011037,1421,1421,"{'casas_unicas': 1104.1350319024943, 'casas_compartidas_duplex': 194.94796227317306, 'departamentos': 119.95393286530889, 'otras_viviendas': 2.0180568406129136}","{'casas_unicas': 0.7770126895865548, 'casas_compartidas_duplex': 0.1371906842175743, 'departamentos': 0.08441515331830322, 'otras_viviendas': 0.001420166671789524}"
1410100011075,1776,1774,"{'casas_unicas': 1357.7853364430466, 'casas_compartidas_duplex': 255.51308355352094, 'departamentos': 157.4111186497548, 'otras_viviendas': 5.285685314811866}","{'casas_unicas': 0.7645187705197335, 'casas_compartidas_duplex': 0.14386997947833385, 'departamentos': 0.08863238662711419, 'otras_viviendas': 0.0029761741637454203}"
141010001108A,1643,1642,"{'casas_unicas': 1273.7627608152632, 'casas_compartidas_duplex': 226.3949780337575, 'departamentos': 139.05684671475782, 'otras_viviendas': 3.808076972272912}","{'casas_unicas': 0.7752664399362527, 'casas_compartidas_duplex': 0.13779365674604838, 'departamentos': 0.08463593835347402, 'otras_viviendas': 0.0023177583519616023}"
1410100011094,649,647,"{'casas_unicas': 521.2870251899133, 'casas_compartidas_duplex': 86.04870113484974, 'departamentos': 38.49947407991612, 'otras_viviendas': 3.152819208403507}","{'casas_unicas': 0.8032157553003286, 'casas_compartidas_duplex': 0.13258659650978388, 'departamentos': 0.05932122354378447, 'otras_viviendas': 0.004857964881977668}"
1410100011126,473,473,"{'casas_unicas': 375.1275467436855, 'casas_compartidas_duplex': 64.4773445209943, 'departamentos': 32.426478077536, 'otras_viviendas': 0.9693437888876357}","{'casas_unicas': 0.7930814941726967, 'casas_compartidas_duplex': 0.13631573894501964, 'departamentos': 0.0685549219398224, 'otras_viviendas': 0.0020493526192127604}"
1410100011130,768,768,"{'casas_unicas': 605.8987002569205, 'casas_compartidas_duplex': 109.28232436369699, 'departamentos': 50.672424391307054, 'otras_viviendas': 2.1465763995674214}","{'casas_unicas': 0.7889305992928652, 'casas_compartidas_duplex': 0.1422946931818971, 'departamentos': 0.06597971925951439, 'otras_viviendas': 0.0027950213536034134}"
141010001115A,282,281,"{'casas_unicas': 228.71253222863032, 'casas_compartidas_duplex': 34.981257269145175, 'departamentos': 17.02053475776571, 'otras_viviendas': 1.277739982584977}","{'casas_unicas': 0.8110373483284763, 'casas_compartidas_duplex': 0.12404701159271339, 'departamentos': 0.06035650623321173, 'otras_viviendas': 0.004530992846046017}"
1410100011164,930,929,"{'casas_unicas': 739.6848351154887, 'casas_compartidas_duplex': 118.52886704553806, 'departamentos': 69.741192189369, 'otras_viviendas': 2.036797356330317}","{'casas_unicas': 0.79536003775859, 'casas_compartidas_duplex': 0.12745039467262156, 'departamentos': 0.07499052923588065, 'otras_viviendas': 0.0021901046842261475}"
1410100011200,555,555,"{'casas_unicas': 449.138142659657, 'casas_compartidas_duplex': 65.9116425493712, 'departamentos': 39.44592441620982, 'otras_viviendas': 0.5018184537403413}","{'casas_unicas': 0.8092579147020846, 'casas_compartidas_duplex': 0.11875971630517332, 'departamentos': 0.07107373768686454, 'otras_viviendas': 0.000904177394126741}"
1410100011268,1437,1435,"{'casas_unicas': 1143.372872977307, 'casas_compartidas_duplex': 195.50265919049357, 'departamentos': 92.72746235867989, 'otras_viviendas': 5.357275912286286}","{'casas_unicas': 0.7956665782723082, 'casas_compartidas_duplex': 0.1360491713225425, 'departamentos': 0.06452850546880994, 'otras_viviendas': 0.003728097364151904}"
1410100011272,450,450,"{'casas_unicas': 360.2127625257403, 'casas_compartidas_duplex': 61.87115345581725, 'departamentos': 26.789908408328575, 'otras_viviendas': 1.1273800726038448}","{'casas_unicas': 0.8004728056127562, 'casas_compartidas_duplex': 0.13749145212403832, 'departamentos': 0.05953312979628572, 'otras_viviendas': 0.002505289050230766}"
1410100011323,858,858,"{'casas_unicas': 659.0088783243815, 'casas_compartidas_duplex': 120.77825593246806, 'departamentos': 76.73706790025906, 'otras_viviendas': 1.4833718356979895}","{'casas_unicas': 0.7680756157626824, 'casas_compartidas_duplex': 0.14076719805648957, 'departamentos': 0.08943714207489402, 'otras_viviendas': 0.0017288716033776101}"
1410100011357,698,698,"{'casas_unicas': 528.5753188239663, 'casas_compartidas_duplex': 100.8786633613648, 'departamentos': 67.21684404126317, 'otras_viviendas': 1.3213416134361982}","{'casas_unicas': 0.7572712304068285, 'casas_compartidas_duplex': 0.14452530567530775, 'departamentos': 0.09629920349751171, 'otras_viviendas': 0.0018930395607968456}"
1410100011395,1240,1238,"{'casas_unicas': 967.3504967369105, 'casas_compartidas_duplex': 164.6492359143657, 'departamentos': 104.33167913140173, 'otras_viviendas': 3.655153248939734}","{'casas_unicas': 0.7801213683362181, 'casas_compartidas_duplex': 0.13278164186642397, 'departamentos': 0.08413845091242075, 'otras_viviendas': 0.0029477042330159145}"
1410100011427,512,512,"{'casas_unicas': 386.1544002381302, 'casas_compartidas_duplex': 76.5867189399957, 'departamentos': 48.153725579777166, 'otras_viviendas': 1.1065441489380352}","{'casas_unicas': 0.7542078129650981, 'casas_compartidas_duplex': 0.1495834354296791, 'departamentos': 0.09405024527300228, 'otras_viviendas': 0.0021612190408946}"
1410100011446,731,727,"{'casas_unicas': 574.1497668576368, 'casas_compartidas_duplex': 99.45061392806103, 'departamentos': 51.94076165229879, 'otras_viviendas': 5.459761861949702}","{'casas_unicas': 0.7854305976164662, 'casas_compartidas_duplex': 0.1360473514747757, 'departamentos': 0.0710543935051967, 'otras_viviendas': 0.0074688944759913846}"
141010001147A,1209,1206,"{'casas_unicas': 949.8670714343435, 'casas_compartidas_duplex': 165.56932656802257, 'departamentos': 88.29531109794145, 'otras_viviendas': 5.268263154234665}","{'casas_unicas': 0.7856634172327076, 'casas_compartidas_duplex': 0.13694733380316176, 'departamentos': 0.07303168825305331, 'otras_viviendas': 0.004357537761980699}"
1410100011484,1420,1419,"{'casas_unicas': 1120.9199220141134, 'casas_compartidas_duplex': 195.67785736560154, 'departamentos': 99.29404410104941, 'otras_viviendas': 4.10515334207042}","{'casas_unicas': 0.7893802267705023, 'casas_compartidas_duplex': 0.13780130800394474, 'departamentos': 0.06992538316975311, 'otras_viviendas': 0.00289095305779607}"
1410100011554,2059,2055,"{'casas_unicas': 1665.874070314888, 'casas_compartidas_duplex': 251.32678132660195, 'departamentos': 135.39886174438024, 'otras_viviendas': 6.404665660123403}","{'casas_unicas': 0.8090694853399165, 'casas_compartidas_duplex': 0.12206254556901502, 'departamentos': 0.06575952488799429, 'otras_viviendas': 0.0031105709859754263}"
1410100011569,579,578,"{'casas_unicas': 460.70940495515885, 'casas_compartidas_duplex': 84.1791035030408, 'departamentos': 31.43749409527787, 'otras_viviendas': 2.681422884958944}","{'casas_unicas': 0.7956984541539877, 'casas_compartidas_duplex': 0.1453870526822812, 'departamentos': 0.05429619014728475, 'otras_viviendas': 0.004631127607873824}"
1410100011573,841,841,"{'casas_unicas': 671.7965608343012, 'casas_compartidas_duplex': 115.6254847974522, 'departamentos': 51.84167685459692, 'otras_viviendas': 1.7563155584444725}","{'casas_unicas': 0.7988068499813332, 'casas_compartidas_duplex': 0.13748571319554365, 'departamentos': 0.0616428975678917, 'otras_viviendas': 0.0020883657056414654}"
1410100011588,299,298,"{'casas_unicas': 235.72382330458106, 'casas_compartidas_duplex': 42.331518509230115, 'departamentos': 19.125875030572292, 'otras_viviendas': 1.815614152483319}","{'casas_unicas': 0.788373990985221, 'casas_compartidas_duplex': 0.14157698498070273, 'departamentos': 0.06396613722599429, 'otras_viviendas': 0.006072288135395716}"
1410100011592,1971,1971,"{'casas_unicas': 1560.9785823001687, 'casas_compartidas_duplex': 270.51490092388525, 'departamentos': 135.40722908513928, 'otras_viviendas': 4.124533732967778}","{'casas_unicas': 0.7919728981736016, 'casas_compartidas_duplex': 0.1372475397888814, 'departamentos': 0.0686997610782036, 'otras_viviendas': 0.002092609707238852}"
1410100011624,966,966,"{'casas_unicas': 761.1435511976239, 'casas_compartidas_duplex': 133.5008057827532, 'departamentos': 69.24483922780666, 'otras_viviendas': 2.114702070680149}","{'casas_unicas': 0.7879332828132752, 'casas_compartidas_duplex': 0.138199591907612, 'departamentos': 0.07168202818613527, 'otras_viviendas': 0.0021891325783438397}"
1410100011639,898,895,"{'casas_unicas': 715.2807312152531, 'casas_compartidas_duplex': 116.06119168658175, 'departamentos': 62.18551871857777, 'otras_viviendas': 4.461131553120999}","{'casas_unicas': 0.7965264267430435, 'casas_compartidas_duplex': 0.1292440887378416, 'departamentos': 0.06924890725899528, 'otras_viviendas': 0.004967852509043428}"
1410100011766,1101,1099,"{'casas_unicas': 870.214703011057, 'casas_compartidas_duplex': 149.5311776878638, 'departamentos': 77.12058684186613, 'otras_viviendas': 4.119330028466372}","{'casas_unicas': 0.7903857429709873, 'casas_compartidas_duplex': 0.13581396701894985, 'departamentos': 0.07004594626872492, 'otras_viviendas': 0.003741444167544389}"
141010001179A,837,837,"{'casas_unicas': 675.0428971179684, 'casas_compartidas_duplex': 101.88268732548474, 'departamentos': 59.28815536347637, 'otras_viviendas': 0.7865667196120437}","{'casas_unicas': 0.8065028639402251, 'casas_compartidas_duplex': 0.12172364077118845, 'departamentos': 0.07083411632434453, 'otras_viviendas': 0.000939745184721677}"
1410100011982,882,882,"{'casas_unicas': 704.0980417534565, 'casas_compartidas_duplex': 116.64712909420153, 'departamentos': 59.70381622000519, 'otras_viviendas': 1.5376959641892174}","{'casas_unicas': 0.7982970994937149, 'casas_compartidas_duplex': 0.13225298083242804, 'departamentos': 0.0676914016099832, 'otras_viviendas': 0.0017434194605319925}"
1410100011997,1181,1178,"{'casas_unicas': 944.3489417175207, 'casas_compartidas_duplex': 148.64612532173862, 'departamentos': 83.51261029970424, 'otras_viviendas': 4.4856231852704}","{'casas_unicas': 0.7996180708869777, 'casas_compartidas_duplex': 0.12586462770680662, 'departamentos': 0.07071347188797988, 'otras_viviendas': 0.003798156803785267}"
1410100012016,1010,1010,"{'casas_unicas': 800.9154129783819, 'casas_compartidas_duplex': 138.255159782928, 'departamentos': 68.94322039919217, 'otras_viviendas': 1.8695083161697832}","{'casas_unicas': 0.7929855574043385, 'casas_compartidas_duplex': 0.13688629681478018, 'departamentos': 0.06826061425662591, 'otras_viviendas': 0.0018509983328413694}"
1410100012054,905,905,"{'casas_unicas': 700.2616451352436, 'casas_compartidas_duplex': 123.2530397983634, 'departamentos': 80.17083974667565, 'otras_viviendas': 1.3122326738820722}","{'casas_unicas': 0.7737697736301035, 'casas_compartidas_duplex': 0.13619120419708663, 'departamentos': 0.0885865632559952, 'otras_viviendas': 0.001449980855118312}"
1410100012073,1111,1106,"{'casas_unicas': 877.677234215526, 'casas_compartidas_duplex': 148.12891595523809, 'departamentos': 78.48237897063338, 'otras_viviendas': 6.672787158672589}","{'casas_unicas': 0.7899885096449379, 'casas_compartidas_duplex': 0.13332935729544382, 'departamentos': 0.07064120519408945, 'otras_viviendas': 0.006006109053710702}"
141010001250A,291,291,"{'casas_unicas': 215.50171720593278, 'casas_compartidas_duplex': 49.537466015546265, 'departamentos': 25.09042102109921, 'otras_viviendas': 0.868956370343132}","{'casas_unicas': 0.7405557292300096, 'casas_compartidas_duplex': 0.1702318419778222, 'departamentos': 0.08622137807937873, 'otras_viviendas': 0.0029861043654403163}"
1410100012603,573,573,"{'casas_unicas': 427.8138780074334, 'casas_compartidas_duplex': 91.40167519593469, 'departamentos': 52.583018159794506, 'otras_viviendas': 1.199427819527562}","{'casas_unicas': 0.7466210785470042, 'casas_compartidas_duplex': 0.15951426735765215, 'departamentos': 0.09176791999964137, 'otras_viviendas': 0.0020932422679364087}"
1410100091450,1088,1084,"{'casas_unicas': 869.7334240900452, 'casas_compartidas_duplex': 149.52499220567844, 'departamentos': 62.39350009067377, 'otras_viviendas': 6.3717153463700305}","{'casas_unicas': 0.7993873383180563, 'casas_compartidas_duplex': 0.1374310590125721, 'departamentos': 0.05734696699510457, 'otras_viviendas': 0.005856356016884219}"
1410100091465,1144,1136,"{'casas_unicas': 901.0690346084159, 'casas_compartidas_duplex': 153.67554846882143, 'departamentos': 79.06794793047497, 'otras_viviendas': 10.188081201041008}","{'casas_unicas': 0.7876477575248391, 'casas_compartidas_duplex': 0.13433177313708167, 'departamentos': 0.06911533910006554, 'otras_viviendas': 0.008905665385525357}"
1410100091677,1618,1617,"{'casas_unicas': 1280.710143170449, 'casas_compartidas_duplex': 213.36720460826848, 'departamentos': 120.32151276216696, 'otras_viviendas': 3.6172239620614155}","{'casas_unicas': 0.7915390254452714, 'casas_compartidas_duplex': 0.13187095464046258, 'departamentos': 0.07436434657735906, 'otras_viviendas': 0.0022356143152419132}"
1410100091802,1516,1516,"{'casas_unicas': 1199.6537608662666, 'casas_compartidas_duplex': 199.80179195183692, 'departamentos': 114.01005127274215, 'otras_viviendas': 2.533621916294842}","{'casas_unicas': 0.7913283383022867, 'casas_compartidas_duplex': 0.13179537727693727, 'departamentos': 0.07520451930919667, 'otras_viviendas': 0.0016712545621997638}"
1410100091910,1087,1086,"{'casas_unicas': 841.0976625669116, 'casas_compartidas_duplex': 150.27138264397115, 'departamentos': 93.16059093027752, 'otras_viviendas': 2.4702520947522366}","{'casas_unicas': 0.7737788984056224, 'casas_compartidas_duplex': 0.1382441422667628, 'departamentos': 0.085704315483236, 'otras_viviendas': 0.0022725410255310364}"
1410100092105,451,451,"{'casas_unicas': 356.63228046866715, 'casas_compartidas_duplex': 59.29340722982128, 'departamentos': 34.33745203157225, 'otras_viviendas': 0.7434523766632303}","{'casas_unicas': 0.7907589367376212, 'casas_compartidas_duplex': 0.13147096946745293, 'departamentos': 0.07613625727621341, 'otras_viviendas': 0.0016484531633331049}"
141010009211A,403,403,"{'casas_unicas': 329.7819390490693, 'casas_compartidas_duplex': 46.12241316464411, 'departamentos': 26.87959771357428, 'otras_viviendas': 0.2113282728846084}","{'casas_unicas': 0.8183174666230008, 'casas_compartidas_duplex': 0.11444767534651143, 'departamentos': 0.06669875363169797, 'otras_viviendas': 0.0005243877739072169}"
1410100092143,585,585,"{'casas_unicas': 469.3588255302582, 'casas_compartidas_duplex': 72.57130311062815, 'departamentos': 42.43485426316856, 'otras_viviendas': 0.6343498613603161}","{'casas_unicas': 0.802322778684202, 'casas_compartidas_duplex': 0.12405350959081735, 'departamentos': 0.07253821241567275, 'otras_viviendas': 0.0010843587373680617}"
1410100092181,244,244,"{'casas_unicas': 194.11389880556064, 'casas_compartidas_duplex': 31.599252482373977, 'departamentos': 17.908422961734573, 'otras_viviendas': 0.37855080166579075}","{'casas_unicas': 0.79554876559656, 'casas_compartidas_duplex': 0.1295051331244835, 'departamentos': 0.07339517607268267, 'otras_viviendas': 0.001551437711745044}"
1410100092209,992,992,"{'casas_unicas': 794.1800527546014, 'casas_compartidas_duplex': 124.42581623859337, 'departamentos': 72.41206973801731, 'otras_viviendas': 1.0212721255852664}","{'casas_unicas': 0.8005847305993966, 'casas_compartidas_duplex': 0.12542925024051751, 'departamentos': 0.07299603804235616, 'otras_viviendas': 0.0010295081911141798}"
1410100092213,703,703,"{'casas_unicas': 576.2710595151691, 'casas_compartidas_duplex': 80.81448135474564, 'departamentos': 45.27157652919226, 'otras_viviendas': 0.6464083932134886}","{'casas_unicas': 0.8197312368636829, 'casas_compartidas_duplex': 0.1149565879868359, 'departamentos': 0.06439769065318955, 'otras_viviendas': 0.0009194998480988459}"
1410100092393,139,139,"{'casas_unicas': 111.3092405519755, 'casas_compartidas_duplex': 17.59361561347377, 'departamentos': 9.949659195763823, 'otras_viviendas': 0.1475060329601755}","{'casas_unicas': 0.8007859032516224, 'casas_compartidas_duplex': 0.126572774197653, 'departamentos': 0.0715802819839124, 'otras_viviendas': 0.0010611944817278812}"
1410100092410,996,996,"{'casas_unicas': 771.8706515992911, 'casas_compartidas_duplex': 139.8402072036083, 'departamentos': 82.69553501929154, 'otras_viviendas': 1.6230868836311498}","{'casas_unicas': 0.7749705337342281, 'casas_compartidas_duplex': 0.1404018144614541, 'departamentos': 0.08302764560169833, 'otras_viviendas': 0.001629605304850552}"
1410100092586,1199,1199,"{'casas_unicas': 924.8365377598456, 'casas_compartidas_duplex': 173.15505573585745, 'departamentos': 99.00615533372266, 'otras_viviendas': 2.0076534452915027}","{'casas_unicas': 0.7713398980482449, 'casas_compartidas_duplex': 0.1444162266354107, 'departamentos': 0.08257394106232081, 'otras_viviendas': 0.0016744399043298606}"
1410100220024,774,773,"{'casas_unicas': 608.1226130701338, 'casas_compartidas_duplex': 106.96758951274776, 'departamentos': 55.33805274514259, 'otras_viviendas': 3.577463067970913}","{'casas_unicas': 0.7856881305815682, 'casas_compartidas_duplex': 0.13820102004230977, 'departamentos': 0.07149619217718681, 'otras_viviendas': 0.00462204530745596}"
1410100220113,917,917,"{'casas_unicas': 708.5038123404244, 'casas_compartidas_duplex': 131.37156184575616, 'departamentos': 73.81186438647318, 'otras_viviendas': 3.313051913927571}","{'casas_unicas': 0.772632292628598, 'casas_compartidas_duplex': 0.14326233570965777, 'departamentos': 0.08049276378023247, 'otras_viviendas': 0.0036129246607716154}"
1410100260683,576,574,"{'casas_unicas': 451.7900814036618, 'casas_compartidas_duplex': 79.56807045896512, 'departamentos': 41.35729394321365, 'otras_viviendas': 3.2816527829945894}","{'casas_unicas': 0.7843577802146906, 'casas_compartidas_duplex': 0.13813901121348113, 'departamentos': 0.07180085754030147, 'otras_viviendas': 0.005697313859365606}"
1410100260698,530,529,"{'casas_unicas': 416.22781667290116, 'casas_compartidas_duplex': 71.70391762250821, 'departamentos': 40.24154336789554, 'otras_viviendas': 1.828505500491243}","{'casas_unicas': 0.7853355031564173, 'casas_compartidas_duplex': 0.13529041060850608, 'departamentos': 0.07592744031678403, 'otras_viviendas': 0.003450010378285364}"
1410100261709,430,430,"{'casas_unicas': 349.07306811383773, 'casas_compartidas_duplex': 55.50601136672232, 'departamentos': 24.74355719521636, 'otras_viviendas': 0.6701656258215798}","{'casas_unicas': 0.8117978328228784, 'casas_compartidas_duplex': 0.1290837473644705, 'departamentos': 0.057543156267945025, 'otras_viviendas': 0.0015585247112129762}"
1410100272336,628,627,"{'casas_unicas': 500.2409746850395, 'casas_compartidas_duplex': 83.85483436080904, 'departamentos': 41.31677461895841, 'otras_viviendas': 2.586453031187922}","{'casas_unicas': 0.7965620616003813, 'casas_compartidas_duplex': 0.13352680630702077, 'departamentos': 0.06579104238687646, 'otras_viviendas': 0.004118555782146373}"
1410100272340,518,518,"{'casas_unicas': 412.44029209877624, 'casas_compartidas_duplex': 67.65375169810154, 'departamentos': 37.24036146550651, 'otras_viviendas': 0.6649107939847833}","{'casas_unicas': 0.7962167801134676, 'casas_compartidas_duplex': 0.1306056982588833, 'departamentos': 0.07189258970175001, 'otras_viviendas': 0.0012836115713991956}"
1410100272355,312,309,"{'casas_unicas': 244.66905960825827, 'casas_compartidas_duplex': 43.48349863559029, 'departamentos': 19.94253286037882, 'otras_viviendas': 3.9032607859473156}","{'casas_unicas': 0.7841957038726226, 'casas_compartidas_duplex': 0.13937018793458425, 'departamentos': 0.06391837455249622, 'otras_viviendas': 0.012510451237010627}"
141010027236A,270,270,"{'casas_unicas': 211.9481931893713, 'casas_compartidas_duplex': 36.07650471621042, 'departamentos': 21.579575260445154, 'otras_viviendas': 0.3932627978275812}","{'casas_unicas': 0.7849933081087825, 'casas_compartidas_duplex': 0.13361668413411268, 'departamentos': 0.07992435281646353, 'otras_viviendas': 0.0014565288808428933}"
1410100312317,2066,2066,"{'casas_unicas': 1599.471328641044, 'casas_compartidas_duplex': 299.13042055591166, 'departamentos': 160.9299194107491, 'otras_viviendas': 6.463968306812265}","{'casas_unicas': 0.7741874775610087, 'casas_compartidas_duplex': 0.14478723163403276, 'departamentos': 0.07789444308361525, 'otras_viviendas': 0.0031287358697058396}"
1410100312321,256,252,"{'casas_unicas': 202.07210103295074, 'casas_compartidas_duplex': 34.566311451186735, 'departamentos': 14.49444190659156, 'otras_viviendas': 4.868546096434668}","{'casas_unicas': 0.7893441446599638, 'casas_compartidas_duplex': 0.13502465410619818, 'departamentos': 0.05661891369762328, 'otras_viviendas': 0.01901775818919792}"
1410100341978,494,494,"{'casas_unicas': 402.91424045553003, 'casas_compartidas_duplex': 56.27301865876013, 'departamentos': 34.460310025086685, 'otras_viviendas': 0.3524352901114534}","{'casas_unicas': 0.8156158713674697, 'casas_compartidas_duplex': 0.11391299323635654, 'departamentos': 0.06975771260139005, 'otras_viviendas': 0.0007134317613592175}"
1410100342641,418,418,"{'casas_unicas': 339.3024556579126, 'casas_compartidas_duplex': 49.564799246438085, 'departamentos': 28.671082196855, 'otras_viviendas': 0.4512387040686172}","{'casas_unicas': 0.8117283628179728, 'casas_compartidas_duplex': 0.11857607475224423, 'departamentos': 0.06859110573410288, 'otras_viviendas': 0.0010795184307861657}"
1410100380132,818,818,"{'casas_unicas': 641.1480626991683, 'casas_compartidas_duplex': 110.24086528136985, 'departamentos': 65.46054484853529, 'otras_viviendas': 1.1379978774641926}","{'casas_unicas': 0.783799587651795, 'casas_compartidas_duplex': 0.13476878396255482, 'departamentos': 0.08002511595175464, 'otras_viviendas': 0.0013911954492227293}"
1410101892656,543,543,"{'casas_unicas': 432.9211418728362, 'casas_compartidas_duplex': 68.83309570990332, 'departamentos': 40.57808233496015, 'otras_viviendas': 0.6744160321480062}","{'casas_unicas': 0.7972765043698641, 'casas_compartidas_duplex': 0.12676444882118476, 'departamentos': 0.07472943339771666, 'otras_viviendas': 0.0012420184754106927}"
1410101902374,933,933,"{'casas_unicas': 726.0459607433395, 'casas_compartidas_duplex': 131.72233049605592, 'departamentos': 72.62937331492168, 'otras_viviendas': 2.6014189454120697}","{'casas_unicas': 0.7781843094783918, 'casas_compartidas_duplex': 0.14118149034947045, 'departamentos': 0.07784498747580029, 'otras_viviendas': 0.0027882303809346944}"
1410101932694,530,530,"{'casas_unicas': 422.3239186900187, 'casas_compartidas_duplex': 67.00353057456775, 'departamentos': 39.96229585573877, 'otras_viviendas': 0.712173359578423}","{'casas_unicas': 0.7968375824339975, 'casas_compartidas_duplex': 0.12642175580107123, 'departamentos': 0.07540055821837505, 'otras_viviendas': 0.0013437233199592887}"
141011963,1674,1673,"{'casas_unicas': 1317.2782264684013, 'casas_compartidas_duplex': 225.4513319835717, 'departamentos': 127.48127206988592, 'otras_viviendas': 3.7916356989236095}","{'casas_unicas': 0.7869045558353651, 'casas_compartidas_duplex': 0.13467821504394964, 'departamentos': 0.07615368701904775, 'otras_viviendas': 0.0022650153518062183}"
141012552,551,550,"{'casas_unicas': 426.5374837790913, 'casas_compartidas_duplex': 85.13552054135661, 'departamentos': 36.7437542069814, 'otras_viviendas': 2.5971298759642067}","{'casas_unicas': 0.7741152155700387, 'casas_compartidas_duplex': 0.15451092657233506, 'departamentos': 0.06668557932301525, 'otras_viviendas': 0.00471348434839239}"
141012567,574,573,"{'casas_unicas': 460.002074792408, 'casas_compartidas_duplex': 77.98401251068947, 'departamentos': 33.55363101539167, 'otras_viviendas': 2.4824217152130066}","{'casas_unicas': 0.8013973428439164, 'casas_compartidas_duplex': 0.1358606489733266, 'departamentos': 0.05845580316270326, 'otras_viviendas': 0.0043247765073397325}"
1412000010212,2157,2157,"{'casas_unicas': 1619.5845762406805, 'casas_compartidas_duplex': 278.5133759385825, 'departamentos': 252.48953598034737, 'otras_viviendas': 6.430082711519716}","{'casas_unicas': 0.750850522132907, 'casas_compartidas_duplex': 0.1291207120716655, 'departamentos': 0.11705588130753239, 'otras_viviendas': 0.002981030464311412}"
1412000010227,1954,1954,"{'casas_unicas': 1414.41326600146, 'casas_compartidas_duplex': 339.95390484348763, 'departamentos': 188.5546794659244, 'otras_viviendas': 11.075737891999896}","{'casas_unicas': 0.7238553050161003, 'casas_compartidas_duplex': 0.1739784569311605, 'departamentos': 0.09649676533568291, 'otras_viviendas': 0.005668238429887357}"
1412000010231,2545,2545,"{'casas_unicas': 1865.2731719818598, 'casas_compartidas_duplex': 414.1801207503115, 'departamentos': 254.95664431094002, 'otras_viviendas': 10.60088075392175}","{'casas_unicas': 0.7329167669869783, 'casas_compartidas_duplex': 0.1627426800590615, 'departamentos': 0.10017942802001573, 'otras_viviendas': 0.004165375541816012}"
1412000010246,1215,1215,"{'casas_unicas': 892.9818123725803, 'casas_compartidas_duplex': 197.27842659871018, 'departamentos': 119.51951774887898, 'otras_viviendas': 5.2468996740939655}","{'casas_unicas': 0.7349644546276382, 'casas_compartidas_duplex': 0.16236907538988493, 'departamentos': 0.09836997345586748, 'otras_viviendas': 0.004318435945756351}"
1412000010265,843,841,"{'casas_unicas': 624.5288252254094, 'casas_compartidas_duplex': 125.91849506619799, 'departamentos': 87.17147410517228, 'otras_viviendas': 5.380389378659023}","{'casas_unicas': 0.7408408365663219, 'casas_compartidas_duplex': 0.1493695077890842, 'departamentos': 0.10340625635251753, 'otras_viviendas': 0.0063824310541625425}"
141200001027A,917,917,"{'casas_unicas': 670.9507003705027, 'casas_compartidas_duplex': 140.67903343861698, 'departamentos': 102.39738995349204, 'otras_viviendas': 2.977873839216418}","{'casas_unicas': 0.7316801530757935, 'casas_compartidas_duplex': 0.1534122502056892, 'departamentos': 0.1116656378991189, 'otras_viviendas': 0.003247408766866323}"
1412000010354,1454,1454,"{'casas_unicas': 1071.7456251279614, 'casas_compartidas_duplex': 215.460702819251, 'departamentos': 160.9430644893668, 'otras_viviendas': 5.848066527577645}","{'casas_unicas': 0.7371015303493544, 'casas_compartidas_duplex': 0.1481848024891685, 'departamentos': 0.11068986553601569, 'otras_viviendas': 0.004022054007962616}"
1412000010369,1357,1356,"{'casas_unicas': 996.0992839685669, 'casas_compartidas_duplex': 214.9531108114946, 'departamentos': 138.6127068531554, 'otras_viviendas': 7.367095984837407}","{'casas_unicas': 0.7340451613622453, 'casas_compartidas_duplex': 0.15840317672180884, 'departamentos': 0.10214643098979764, 'otras_viviendas': 0.005428957984404869}"
1412000010373,957,955,"{'casas_unicas': 699.8598717490952, 'casas_compartidas_duplex': 142.37243245540364, 'departamentos': 108.01382973240634, 'otras_viviendas': 6.744182963119231}","{'casas_unicas': 0.7313060310857838, 'casas_compartidas_duplex': 0.1487695218969735, 'departamentos': 0.11286711570784361, 'otras_viviendas': 0.007047213127606302}"
1412000010405,482,481,"{'casas_unicas': 362.1209212668118, 'casas_compartidas_duplex': 65.99924840849026, 'departamentos': 51.413703573427306, 'otras_viviendas': 2.461210637721015}","{'casas_unicas': 0.7512882183958751, 'casas_compartidas_duplex': 0.13692790126242793, 'departamentos': 0.10666743479964172, 'otras_viviendas': 0.005106246136350654}"
1412000010547,1114,1113,"{'casas_unicas': 848.3966695825683, 'casas_compartidas_duplex': 113.28339510541426, 'departamentos': 149.29567264723445, 'otras_viviendas': 3.0913096730172835}","{'casas_unicas': 0.7615769026773503, 'casas_compartidas_duplex': 0.10169065987918695, 'departamentos': 0.13401765946789448, 'otras_viviendas': 0.002774963799835982}"
1412000010602,2060,2059,"{'casas_unicas': 1454.2158803458, 'casas_compartidas_duplex': 441.3545263400332, 'departamentos': 152.68398595274755, 'otras_viviendas': 11.729891367158258}","{'casas_unicas': 0.7059300390028156, 'casas_compartidas_duplex': 0.2142497700679773, 'departamentos': 0.07411843978288717, 'otras_viviendas': 0.005694122022892358}"
1412000010617,4096,4093,"{'casas_unicas': 2889.884489173127, 'casas_compartidas_duplex': 889.9145037317578, 'departamentos': 288.4546079210694, 'otras_viviendas': 27.742319772201157}","{'casas_unicas': 0.7055382053645329, 'casas_compartidas_duplex': 0.21726428313763618, 'departamentos': 0.07042348826197983, 'otras_viviendas': 0.006773027288135048}"
1412000010636,547,546,"{'casas_unicas': 418.91896875256043, 'casas_compartidas_duplex': 53.119387319627776, 'departamentos': 73.06132591993126, 'otras_viviendas': 1.8972519903104434}","{'casas_unicas': 0.7658482061289953, 'casas_compartidas_duplex': 0.09711039729365224, 'departamentos': 0.13356732343680305, 'otras_viviendas': 0.003468467989598617}"
1412000010640,1302,1301,"{'casas_unicas': 1005.0914105679633, 'casas_compartidas_duplex': 119.34437705267534, 'departamentos': 175.31415076759677, 'otras_viviendas': 2.239372901111017}","{'casas_unicas': 0.7719596087311547, 'casas_compartidas_duplex': 0.09166234796672454, 'departamentos': 0.13464988538217879, 'otras_viviendas': 0.0017199484647550053}"
141200001066A,1108,1108,"{'casas_unicas': 846.5627581187728, 'casas_compartidas_duplex': 114.32825145807185, 'departamentos': 145.1159594253596, 'otras_viviendas': 1.9728626271904295}","{'casas_unicas': 0.7640458105765097, 'casas_compartidas_duplex': 0.10318434247118398, 'departamentos': 0.13097108251386244, 'otras_viviendas': 0.0017805619378974996}"
1412000010706,1637,1634,"{'casas_unicas': 1233.9478807195703, 'casas_compartidas_duplex': 161.7478331788721, 'departamentos': 236.49712311044055, 'otras_viviendas': 4.804274330870979}","{'casas_unicas': 0.7537861213925292, 'casas_compartidas_duplex': 0.0988074729253953, 'departamentos': 0.14446983696422758, 'otras_viviendas': 0.002934804111711044}"
1412000010814,1197,1197,"{'casas_unicas': 923.4188451679364, 'casas_compartidas_duplex': 133.9201864753769, 'departamentos': 137.59748438145334, 'otras_viviendas': 2.064212134783209}","{'casas_unicas': 0.7714443150943495, 'casas_compartidas_duplex': 0.11187985503373175, 'departamentos': 0.11495195019336119, 'otras_viviendas': 0.001724487998983466}"
1412000010890,1329,1329,"{'casas_unicas': 996.8567295942768, 'casas_compartidas_duplex': 168.98727031339138, 'departamentos': 159.98706212207796, 'otras_viviendas': 3.236777999958683}","{'casas_unicas': 0.7500803081973489, 'casas_compartidas_duplex': 0.12715370226741263, 'departamentos': 0.12038153658546122, 'otras_viviendas': 0.00243549887130074}"
1412000010918,1253,1253,"{'casas_unicas': 963.6574272745212, 'casas_compartidas_duplex': 132.44406438553514, 'departamentos': 155.33032534332986, 'otras_viviendas': 1.5642831310786365}","{'casas_unicas': 0.7690801494609107, 'casas_compartidas_duplex': 0.1057015677458381, 'departamentos': 0.12396674009842766, 'otras_viviendas': 0.0012484302722096062}"
1412000010937,1959,1957,"{'casas_unicas': 1485.1557454994684, 'casas_compartidas_duplex': 265.1922901729824, 'departamentos': 200.2069006555602, 'otras_viviendas': 8.513621898997457}","{'casas_unicas': 0.7581193187848231, 'casas_compartidas_duplex': 0.13537125583102724, 'departamentos': 0.10219851998752434, 'otras_viviendas': 0.004345901939253423}"
1412000010994,980,979,"{'casas_unicas': 756.764461080916, 'casas_compartidas_duplex': 108.55913232642712, 'departamentos': 111.83209540906458, 'otras_viviendas': 2.8475496415004034}","{'casas_unicas': 0.7722086337560368, 'casas_compartidas_duplex': 0.11077462482288482, 'departamentos': 0.11411438307047406, 'otras_viviendas': 0.0029056628994902074}"
1412000011032,2132,2131,"{'casas_unicas': 1551.2026895580805, 'casas_compartidas_duplex': 342.47276262040367, 'departamentos': 227.93280554027663, 'otras_viviendas': 10.388623828572966}","{'casas_unicas': 0.7275809988546343, 'casas_compartidas_duplex': 0.16063450404334131, 'departamentos': 0.10691032154797216, 'otras_viviendas': 0.004872712865184318}"
1412000011121,1061,1060,"{'casas_unicas': 811.7742617725866, 'casas_compartidas_duplex': 101.95811903214462, 'departamentos': 144.40169719573106, 'otras_viviendas': 2.864959439732182}","{'casas_unicas': 0.7651029799930128, 'casas_compartidas_duplex': 0.09609624790965562, 'departamentos': 0.13609962035412917, 'otras_viviendas': 0.00270024452378151}"
1412000011155,1347,1347,"{'casas_unicas': 1065.6965032990408, 'casas_compartidas_duplex': 120.62815756590685, 'departamentos': 158.77968660933595, 'otras_viviendas': 1.8849344584625696}","{'casas_unicas': 0.7911629571633563, 'casas_compartidas_duplex': 0.08955319789599618, 'departamentos': 0.11787653051918037, 'otras_viviendas': 0.0013993574301875054}"
141200001116A,2321,2318,"{'casas_unicas': 1817.5058068198011, 'casas_compartidas_duplex': 219.64171521751373, 'departamentos': 275.74901243519145, 'otras_viviendas': 7.825549902854605}","{'casas_unicas': 0.7830701451183978, 'casas_compartidas_duplex': 0.09463236329923039, 'departamentos': 0.11880612341025051, 'otras_viviendas': 0.003371628566503492}"
1412000011189,1506,1506,"{'casas_unicas': 1147.1608782109986, 'casas_compartidas_duplex': 150.6696133223352, 'departamentos': 205.8980885273809, 'otras_viviendas': 2.2306460821401055}","{'casas_unicas': 0.7617270107642753, 'casas_compartidas_duplex': 0.10004622398561434, 'departamentos': 0.13671851827847337, 'otras_viviendas': 0.0014811726973041868}"
1412000011193,2438,2436,"{'casas_unicas': 1892.1501310602764, 'casas_compartidas_duplex': 278.2348405446554, 'departamentos': 259.85450868798216, 'otras_viviendas': 7.728269582922189}","{'casas_unicas': 0.7761075188926483, 'casas_compartidas_duplex': 0.11412421679436235, 'departamentos': 0.10658511431008293, 'otras_viviendas': 0.0031699218961944993}"
1412000011206,2139,2139,"{'casas_unicas': 1639.2444573825712, 'casas_compartidas_duplex': 235.44025682220735, 'departamentos': 258.74300539075915, 'otras_viviendas': 5.6053445777595465}","{'casas_unicas': 0.7663601951297668, 'casas_compartidas_duplex': 0.11007024629369207, 'departamentos': 0.12096447189843812, 'otras_viviendas': 0.0026205444496304564}"
1412000011210,1767,1767,"{'casas_unicas': 1338.0375343365733, 'casas_compartidas_duplex': 213.89471654339553, 'departamentos': 210.6856763849207, 'otras_viviendas': 4.397628601072206}","{'casas_unicas': 0.757236861537393, 'casas_compartidas_duplex': 0.12104964150729798, 'departamentos': 0.11923354634121149, 'otras_viviendas': 0.0024887541601993244}"
1412000011225,1203,1203,"{'casas_unicas': 934.4516694673697, 'casas_compartidas_duplex': 114.70452333994098, 'departamentos': 152.2902012912391, 'otras_viviendas': 1.5489809604437978}","{'casas_unicas': 0.7767678050435326, 'casas_compartidas_duplex': 0.09534873095589441, 'departamentos': 0.1265920210234739, 'otras_viviendas': 0.0012875984708593498}"
1412000011278,1004,1001,"{'casas_unicas': 780.892821841559, 'casas_compartidas_duplex': 87.01581221968172, 'departamentos': 132.06573360138674, 'otras_viviendas': 4.013711388691905}","{'casas_unicas': 0.7777816950613138, 'casas_compartidas_duplex': 0.08666913567697382, 'departamentos': 0.131539575300186, 'otras_viviendas': 0.003997720506665244}"
1412000011282,1368,1368,"{'casas_unicas': 1024.6411882550165, 'casas_compartidas_duplex': 135.007478600292, 'departamentos': 206.12187317502205, 'otras_viviendas': 2.234158333326018}","{'casas_unicas': 0.7490067165606845, 'casas_compartidas_duplex': 0.09868967733939472, 'departamentos': 0.1506738838998699, 'otras_viviendas': 0.001633156676407908}"
1412000011297,1284,1282,"{'casas_unicas': 975.3337739646241, 'casas_compartidas_duplex': 133.57792179310522, 'departamentos': 170.69144847457997, 'otras_viviendas': 4.3837060222175435}","{'casas_unicas': 0.7596057429631029, 'casas_compartidas_duplex': 0.10403264937157727, 'departamentos': 0.13293726516711835, 'otras_viviendas': 0.003414101263409302}"
1412000011441,2190,2185,"{'casas_unicas': 1664.0168099150098, 'casas_compartidas_duplex': 276.19923116231695, 'departamentos': 239.03099409527178, 'otras_viviendas': 10.739309710327397}","{'casas_unicas': 0.759825027358452, 'casas_compartidas_duplex': 0.12611837039375204, 'departamentos': 0.10914657264624282, 'otras_viviendas': 0.004903794388277351}"
1412000011460,1127,1125,"{'casas_unicas': 830.56518289982, 'casas_compartidas_duplex': 163.4586888093755, 'departamentos': 127.03565983504781, 'otras_viviendas': 5.933035053581666}","{'casas_unicas': 0.736969993699929, 'casas_compartidas_duplex': 0.14503876558063486, 'departamentos': 0.11272019506215422, 'otras_viviendas': 0.005264449914446908}"
1412000011526,815,809,"{'casas_unicas': 594.866655953346, 'casas_compartidas_duplex': 140.72029544043178, 'departamentos': 69.28344460326353, 'otras_viviendas': 10.119857799414817}","{'casas_unicas': 0.7298977373660688, 'casas_compartidas_duplex': 0.17266293919071385, 'departamentos': 0.08501036147639697, 'otras_viviendas': 0.012417003434864805}"
1412000011579,1945,1941,"{'casas_unicas': 1410.2071257168432, 'casas_compartidas_duplex': 319.16321687633234, 'departamentos': 199.1483859017904, 'otras_viviendas': 16.69302790400541}","{'casas_unicas': 0.7250422240189425, 'casas_compartidas_duplex': 0.16409419890814003, 'departamentos': 0.10238991563074056, 'otras_viviendas': 0.008582533626738002}"
1412000011634,480,479,"{'casas_unicas': 351.98494815354667, 'casas_compartidas_duplex': 75.02971974949854, 'departamentos': 49.78293157376789, 'otras_viviendas': 3.2022709759271444}","{'casas_unicas': 0.7333019753198889, 'casas_compartidas_duplex': 0.15631191614478862, 'departamentos': 0.10371444077868311, 'otras_viviendas': 0.006671397866514884}"
1412000011653,682,680,"{'casas_unicas': 499.2097432836868, 'casas_compartidas_duplex': 103.58057184451717, 'departamentos': 74.11491494710566, 'otras_viviendas': 5.081567984403158}","{'casas_unicas': 0.731979095723881, 'casas_compartidas_duplex': 0.1518776713262715, 'departamentos': 0.10867289581687047, 'otras_viviendas': 0.007450979449271492}"
1412000011723,547,543,"{'casas_unicas': 401.5208691645595, 'casas_compartidas_duplex': 85.73502005125412, 'departamentos': 53.368198390375014, 'otras_viviendas': 6.32929251907084}","{'casas_unicas': 0.7340418083447157, 'casas_compartidas_duplex': 0.15673678254342618, 'departamentos': 0.09756526213962526, 'otras_viviendas': 0.011570918682030787}"
1412000011795,1572,1570,"{'casas_unicas': 1168.971574221356, 'casas_compartidas_duplex': 218.5770005517772, 'departamentos': 179.16149295987958, 'otras_viviendas': 5.343733653454585}","{'casas_unicas': 0.7436205942883943, 'casas_compartidas_duplex': 0.13904389348077428, 'departamentos': 0.11397041536888014, 'otras_viviendas': 0.0033993216625029165}"
1412000011812,836,836,"{'casas_unicas': 629.8309594026097, 'casas_compartidas_duplex': 120.31668732363379, 'departamentos': 83.48343327085881, 'otras_viviendas': 2.3716185124103104}","{'casas_unicas': 0.753386315074892, 'casas_compartidas_duplex': 0.14391948244453803, 'departamentos': 0.09986056611346748, 'otras_viviendas': 0.00283686424929463}"
1412000011850,1236,1236,"{'casas_unicas': 955.2462889322627, 'casas_compartidas_duplex': 136.09056013741102, 'departamentos': 142.5546608930497, 'otras_viviendas': 2.1009522030621834}","{'casas_unicas': 0.7728529845730281, 'casas_compartidas_duplex': 0.11010563117913513, 'departamentos': 0.11533548615942531, 'otras_viviendas': 0.0016997995170406014}"
141200001187A,959,959,"{'casas_unicas': 708.0088131188875, 'casas_compartidas_duplex': 142.2863678957193, 'departamentos': 106.019358313865, 'otras_viviendas': 2.6870813822250748}","{'casas_unicas': 0.7382782201448254, 'casas_compartidas_duplex': 0.1483695181394362, 'departamentos': 0.11055198989975495, 'otras_viviendas': 0.0028019618167101925}"
1412000011884,732,732,"{'casas_unicas': 534.9083295663055, 'casas_compartidas_duplex': 121.62894830115029, 'departamentos': 70.67711800192777, 'otras_viviendas': 4.789691508989152}","{'casas_unicas': 0.7307490841069747, 'casas_compartidas_duplex': 0.1661597654387299, 'departamentos': 0.09655343989334395, 'otras_viviendas': 0.006543294411187365}"
1412000011899,1094,1092,"{'casas_unicas': 826.8540973280222, 'casas_compartidas_duplex': 150.95319328887192, 'departamentos': 110.37020185821775, 'otras_viviendas': 5.824828989187562}","{'casas_unicas': 0.7558081328409709, 'casas_compartidas_duplex': 0.13798280922200357, 'departamentos': 0.10088683899288643, 'otras_viviendas': 0.005324340940756456}"
1412000011920,1712,1710,"{'casas_unicas': 1318.6707624661267, 'casas_compartidas_duplex': 187.79799359669218, 'departamentos': 199.78289208223265, 'otras_viviendas': 5.746372670779462}","{'casas_unicas': 0.7702516135900273, 'casas_compartidas_duplex': 0.10969508971769402, 'departamentos': 0.11669561453401439, 'otras_viviendas': 0.003356526092745013}"
1412000011935,1865,1864,"{'casas_unicas': 1346.7054892589285, 'casas_compartidas_duplex': 315.2646668744575, 'departamentos': 184.28463308702828, 'otras_viviendas': 18.76749122099919}","{'casas_unicas': 0.722094096117388, 'casas_compartidas_duplex': 0.1690427168227654, 'departamentos': 0.09881213570350042, 'otras_viviendas': 0.010062997973726107}"
141200001194A,1640,1638,"{'casas_unicas': 1225.4851659057113, 'casas_compartidas_duplex': 209.83524164444526, 'departamentos': 198.43243299433328, 'otras_viviendas': 6.265009423624994}","{'casas_unicas': 0.7472470523815312, 'casas_compartidas_duplex': 0.12794831807588125, 'departamentos': 0.12099538597215444, 'otras_viviendas': 0.0038201276973323134}"
1412000012115,1278,1278,"{'casas_unicas': 933.3776650460827, 'casas_compartidas_duplex': 220.46451824919149, 'departamentos': 117.26757865647856, 'otras_viviendas': 6.892442995976996}","{'casas_unicas': 0.7303424609124278, 'casas_compartidas_duplex': 0.17250744776932042, 'departamentos': 0.09175866874528839, 'otras_viviendas': 0.005393147884176054}"
141200001212A,609,607,"{'casas_unicas': 430.13397987264784, 'casas_compartidas_duplex': 114.78655014318973, 'departamentos': 57.91539230324134, 'otras_viviendas': 6.169756904431551}","{'casas_unicas': 0.7062955334526237, 'casas_compartidas_duplex': 0.188483661975681, 'departamentos': 0.09509916634358184, 'otras_viviendas': 0.010130963718278409}"
1412000012134,723,723,"{'casas_unicas': 527.7768946252172, 'casas_compartidas_duplex': 122.583615777201, 'departamentos': 68.11578479608869, 'otras_viviendas': 4.52173401231045}","{'casas_unicas': 0.7299818736171746, 'casas_compartidas_duplex': 0.1695485695396971, 'departamentos': 0.09421270372903, 'otras_viviendas': 0.006254127264606431}"
1412000012172,634,634,"{'casas_unicas': 438.0342972272021, 'casas_compartidas_duplex': 137.19046080973374, 'departamentos': 53.74060337035169, 'otras_viviendas': 5.034710434736804}","{'casas_unicas': 0.6909058315886468, 'casas_compartidas_duplex': 0.21638873944752957, 'departamentos': 0.08476435862831497, 'otras_viviendas': 0.007941183651004423}"
1412000012204,2298,2297,"{'casas_unicas': 1770.246233225892, 'casas_compartidas_duplex': 242.86142802952736, 'departamentos': 280.70900891828234, 'otras_viviendas': 4.188274740223768}","{'casas_unicas': 0.7703421380443394, 'casas_compartidas_duplex': 0.10568382420780129, 'departamentos': 0.12215361571726821, 'otras_viviendas': 0.0018225738643271403}"
1412000012219,738,737,"{'casas_unicas': 531.8491030401347, 'casas_compartidas_duplex': 135.28083102360102, 'departamentos': 65.1954089117886, 'otras_viviendas': 5.680829915472589}","{'casas_unicas': 0.720662741246795, 'casas_compartidas_duplex': 0.1833073591105705, 'departamentos': 0.08834066248209838, 'otras_viviendas': 0.0076976015114804735}"
1412000012242,1303,1303,"{'casas_unicas': 947.7564790323847, 'casas_compartidas_duplex': 161.12672796695648, 'departamentos': 190.5734823094247, 'otras_viviendas': 3.5274686111952414}","{'casas_unicas': 0.7273649109995278, 'casas_compartidas_duplex': 0.1236582716553772, 'departamentos': 0.1462574691553528, 'otras_viviendas': 0.002707190031615688}"
1412000012257,1097,1097,"{'casas_unicas': 792.5373794867127, 'casas_compartidas_duplex': 193.9590792424462, 'departamentos': 101.45539786063577, 'otras_viviendas': 9.05008517351993}","{'casas_unicas': 0.722458869176584, 'casas_compartidas_duplex': 0.17680864105965924, 'departamentos': 0.09248441008262148, 'otras_viviendas': 0.008249849747967119}"
1412000012261,1689,1688,"{'casas_unicas': 1273.6816234309708, 'casas_compartidas_duplex': 223.18112520968236, 'departamentos': 183.04257816597982, 'otras_viviendas': 9.089155109401112}","{'casas_unicas': 0.754103980716975, 'casas_compartidas_duplex': 0.13213802558299725, 'departamentos': 0.108373344088798, 'otras_viviendas': 0.005381382539609895}"
1412000012280,1729,1725,"{'casas_unicas': 1308.6828763775784, 'casas_compartidas_duplex': 217.14640843084385, 'departamentos': 194.8746277255331, 'otras_viviendas': 8.292868471552449}","{'casas_unicas': 0.7569016057707221, 'casas_compartidas_duplex': 0.12559075097214797, 'departamentos': 0.1127094434502794, 'otras_viviendas': 0.00479633804022698}"
1412000012295,1147,1147,"{'casas_unicas': 837.7899707809966, 'casas_compartidas_duplex': 203.91072461961366, 'departamentos': 99.59064977659982, 'otras_viviendas': 5.747744611739417}","{'casas_unicas': 0.7304184575248445, 'casas_compartidas_duplex': 0.1777774408191924, 'departamentos': 0.08682707042423699, 'otras_viviendas': 0.00501111125696549}"
1412000012308,947,947,"{'casas_unicas': 702.3587783353871, 'casas_compartidas_duplex': 157.00343598464656, 'departamentos': 83.32330619490357, 'otras_viviendas': 4.323088267712147}","{'casas_unicas': 0.7416671365737985, 'casas_compartidas_duplex': 0.16579032310944727, 'departamentos': 0.0879865957707535, 'otras_viviendas': 0.004565035129579881}"
1412000012312,852,851,"{'casas_unicas': 620.6868824294266, 'casas_compartidas_duplex': 150.3617960543522, 'departamentos': 74.73882284711024, 'otras_viviendas': 6.208914099783334}","{'casas_unicas': 0.7285057305509702, 'casas_compartidas_duplex': 0.17648098128445094, 'departamentos': 0.08772162305998854, 'otras_viviendas': 0.007287457863595462}"
1412000012327,865,865,"{'casas_unicas': 647.2721368977695, 'casas_compartidas_duplex': 142.09052046022146, 'departamentos': 71.74551440471205, 'otras_viviendas': 3.8934822316008417}","{'casas_unicas': 0.7482914877430862, 'casas_compartidas_duplex': 0.1642664976418745, 'departamentos': 0.0829427912193203, 'otras_viviendas': 0.004501135527862245}"
1412000012346,749,748,"{'casas_unicas': 541.0527085250166, 'casas_compartidas_duplex': 126.54825434465648, 'departamentos': 76.53078521374965, 'otras_viviendas': 4.88393218240474}","{'casas_unicas': 0.7223667670560968, 'casas_compartidas_duplex': 0.16895628083398728, 'departamentos': 0.10217728332943879, 'otras_viviendas': 0.006520603714826088}"
1412000012350,1534,1533,"{'casas_unicas': 1175.3799363579953, 'casas_compartidas_duplex': 141.15072771651268, 'departamentos': 214.40399451301346, 'otras_viviendas': 3.0741131703853686}","{'casas_unicas': 0.7662189937144689, 'casas_compartidas_duplex': 0.09201481598208128, 'departamentos': 0.13976792341135166, 'otras_viviendas': 0.002003985117591505}"
1412000012365,1195,1195,"{'casas_unicas': 905.0098731722093, 'casas_compartidas_duplex': 113.4373849555622, 'departamentos': 175.25468835008272, 'otras_viviendas': 1.3006813013435032}","{'casas_unicas': 0.757330437801012, 'casas_compartidas_duplex': 0.09492668197118176, 'departamentos': 0.14665664297078052, 'otras_viviendas': 0.0010884362354338939}"
1412000012399,1033,1033,"{'casas_unicas': 756.6467209614376, 'casas_compartidas_duplex': 161.45561206770242, 'departamentos': 110.22935857275786, 'otras_viviendas': 4.699813995580653}","{'casas_unicas': 0.7324750444931633, 'casas_compartidas_duplex': 0.15629778515750475, 'departamentos': 0.10670799474613539, 'otras_viviendas': 0.0045496747295069246}"
1412000012401,1252,1251,"{'casas_unicas': 901.8121280689866, 'casas_compartidas_duplex': 221.62499244536406, 'departamentos': 120.05634846646838, 'otras_viviendas': 8.487450724708413}","{'casas_unicas': 0.7202972268921618, 'casas_compartidas_duplex': 0.17701676712888503, 'departamentos': 0.09589165212976708, 'otras_viviendas': 0.006779113997370937}"
1412000012420,1158,1158,"{'casas_unicas': 889.7025160984634, 'casas_compartidas_duplex': 115.20664533284976, 'departamentos': 151.172529305308, 'otras_viviendas': 1.9193086154281833}","{'casas_unicas': 0.7683095993941826, 'casas_compartidas_duplex': 0.09948760391437803, 'departamentos': 0.13054622565225216, 'otras_viviendas': 0.001657434037502749}"
1412000012435,1534,1534,"{'casas_unicas': 1131.9712432420679, 'casas_compartidas_duplex': 222.72876735469637, 'departamentos': 174.36862293070766, 'otras_viviendas': 4.9233409776916925}","{'casas_unicas': 0.7379212798188187, 'casas_compartidas_duplex': 0.14519476359497807, 'departamentos': 0.11366924571754085, 'otras_viviendas': 0.00320947912496199}"
141200001244A,1398,1396,"{'casas_unicas': 1050.3800701416574, 'casas_compartidas_duplex': 159.10126559603705, 'departamentos': 183.90646547471047, 'otras_viviendas': 4.610108953266417}","{'casas_unicas': 0.7513448284275088, 'casas_compartidas_duplex': 0.11380634162806656, 'departamentos': 0.1315496891807657, 'otras_viviendas': 0.003297645889317895}"
1412000012454,942,941,"{'casas_unicas': 691.908834874639, 'casas_compartidas_duplex': 162.0523551324523, 'departamentos': 82.59339012502406, 'otras_viviendas': 5.4393546946779905}","{'casas_unicas': 0.7345104404189373, 'casas_compartidas_duplex': 0.17203010098986443, 'departamentos': 0.08767875809450537, 'otras_viviendas': 0.0057742618839469115}"
1412000012469,560,560,"{'casas_unicas': 406.57815505142145, 'casas_compartidas_duplex': 100.70000139072926, 'departamentos': 49.72943900070162, 'otras_viviendas': 3.00765412176053}","{'casas_unicas': 0.7260324197346811, 'casas_compartidas_duplex': 0.17982143105487366, 'departamentos': 0.08880256964411003, 'otras_viviendas': 0.005370810931715232}"
1412000012473,2523,2522,"{'casas_unicas': 1972.2757486754415, 'casas_compartidas_duplex': 252.8356749392644, 'departamentos': 292.61173889749955, 'otras_viviendas': 5.229964784833531}","{'casas_unicas': 0.781718489367991, 'casas_compartidas_duplex': 0.10021231666241158, 'departamentos': 0.11597770071244533, 'otras_viviendas': 0.0020729150950588708}"
1412000012488,384,384,"{'casas_unicas': 281.3402385805531, 'casas_compartidas_duplex': 63.9149854819309, 'departamentos': 36.770507095783266, 'otras_viviendas': 1.974861392659329}","{'casas_unicas': 0.7326568713035236, 'casas_compartidas_duplex': 0.16644527469252837, 'departamentos': 0.09575652889526892, 'otras_viviendas': 0.005142868210050336}"
1412000012492,601,601,"{'casas_unicas': 473.77830897365203, 'casas_compartidas_duplex': 53.08179792377336, 'departamentos': 73.27114114480071, 'otras_viviendas': 0.8654844218237893}","{'casas_unicas': 0.7883166538663096, 'casas_compartidas_duplex': 0.08832245910777597, 'departamentos': 0.1219153762808664, 'otras_viviendas': 0.0014400739131843416}"
1412000012505,698,698,"{'casas_unicas': 552.08536769786, 'casas_compartidas_duplex': 62.360252791959056, 'departamentos': 82.49406679278712, 'otras_viviendas': 1.0276042279194129}","{'casas_unicas': 0.7909532488508022, 'casas_compartidas_duplex': 0.08934133637816484, 'departamentos': 0.11818634211001021, 'otras_viviendas': 0.0014722123609160643}"
141200001251A,892,891,"{'casas_unicas': 652.941430074127, 'casas_compartidas_duplex': 148.97168517807035, 'departamentos': 85.07756498875003, 'otras_viviendas': 4.989298672184626}","{'casas_unicas': 0.7319971189171827, 'casas_compartidas_duplex': 0.16700861567048245, 'departamentos': 0.09537843608604263, 'otras_viviendas': 0.0055933841616419575}"
1412000012562,702,702,"{'casas_unicas': 520.901210166968, 'casas_compartidas_duplex': 112.09640816662608, 'departamentos': 66.19855557244492, 'otras_viviendas': 2.814383825081413}","{'casas_unicas': 0.7420245159073618, 'casas_compartidas_duplex': 0.15968149311485197, 'departamentos': 0.0942999367128845, 'otras_viviendas': 0.004009093767922241}"
1412000012613,1058,1058,"{'casas_unicas': 789.549223559924, 'casas_compartidas_duplex': 138.11606038026474, 'departamentos': 127.40214747393011, 'otras_viviendas': 2.9494330910063318}","{'casas_unicas': 0.746265806767414, 'casas_compartidas_duplex': 0.1305444805106472, 'departamentos': 0.12041790876552941, 'otras_viviendas': 0.00278774394235003}"
1412000012628,931,931,"{'casas_unicas': 676.4810133784517, 'casas_compartidas_duplex': 146.13289651439794, 'departamentos': 104.45868659892695, 'otras_viviendas': 3.898069469980795}","{'casas_unicas': 0.7266176298372199, 'casas_compartidas_duplex': 0.1569633689735746, 'departamentos': 0.11220052266264978, 'otras_viviendas': 0.0041869704296249146}"
1412000012647,780,780,"{'casas_unicas': 580.9399913441296, 'casas_compartidas_duplex': 116.77672451095498, 'departamentos': 80.23853049128275, 'otras_viviendas': 2.053429244624124}","{'casas_unicas': 0.744794860697602, 'casas_compartidas_duplex': 0.1497137493730192, 'departamentos': 0.10286991088625994, 'otras_viviendas': 0.002632601595671954}"
1412000012666,1081,1080,"{'casas_unicas': 797.4426405987524, 'casas_compartidas_duplex': 165.6541344726115, 'departamentos': 113.13448331703108, 'otras_viviendas': 4.7669311134902355}","{'casas_unicas': 0.7376897692865425, 'casas_compartidas_duplex': 0.1532415675047285, 'departamentos': 0.10465724636173088, 'otras_viviendas': 0.004409742010629265}"
1412000012670,958,958,"{'casas_unicas': 695.0225642403423, 'casas_compartidas_duplex': 145.34983307980346, 'departamentos': 114.85261420705463, 'otras_viviendas': 2.7804832287597594}","{'casas_unicas': 0.72549328208804, 'casas_compartidas_duplex': 0.15172216396639193, 'departamentos': 0.11988790627041193, 'otras_viviendas': 0.0029023833285592477}"
1412000012721,1235,1235,"{'casas_unicas': 940.3342081372161, 'casas_compartidas_duplex': 120.7621386251919, 'departamentos': 172.34091643046492, 'otras_viviendas': 1.5696153502165529}","{'casas_unicas': 0.7614042171151547, 'casas_compartidas_duplex': 0.09778310819853595, 'departamentos': 0.1395473007534129, 'otras_viviendas': 0.0012709436034142128}"
1412000012755,1034,1034,"{'casas_unicas': 749.597855677133, 'casas_compartidas_duplex': 182.90221259878922, 'departamentos': 95.33688648842931, 'otras_viviendas': 6.171199283859703}","{'casas_unicas': 0.7249495702873626, 'casas_compartidas_duplex': 0.17688801992145958, 'departamentos': 0.09220201788049256, 'otras_viviendas': 0.005968277837388495}"
1412000012774,1151,1151,"{'casas_unicas': 816.1406850988635, 'casas_compartidas_duplex': 235.62258043459843, 'departamentos': 89.13686407731628, 'otras_viviendas': 10.095844184389579}","{'casas_unicas': 0.7090709688087433, 'casas_compartidas_duplex': 0.20471119064691437, 'departamentos': 0.07744297487169094, 'otras_viviendas': 0.008771367666715534}"
1412000012789,880,880,"{'casas_unicas': 633.377604849417, 'casas_compartidas_duplex': 159.6131372857906, 'departamentos': 81.13039342524407, 'otras_viviendas': 5.891579987532144}","{'casas_unicas': 0.7197472782379739, 'casas_compartidas_duplex': 0.1813785650974893, 'departamentos': 0.0921936288923228, 'otras_viviendas': 0.006694977258559255}"
1412000012793,901,900,"{'casas_unicas': 647.0936532698527, 'casas_compartidas_duplex': 168.58097174223144, 'departamentos': 78.48403901822039, 'otras_viviendas': 6.8463346866731225}","{'casas_unicas': 0.7181949536846312, 'casas_compartidas_duplex': 0.18710429716118918, 'departamentos': 0.0871077014630637, 'otras_viviendas': 0.007598595656684931}"
1412000012806,490,490,"{'casas_unicas': 340.3916530275889, 'casas_compartidas_duplex': 104.58984659576326, 'departamentos': 41.19800926758424, 'otras_viviendas': 3.8302084565702907}","{'casas_unicas': 0.6946768429134468, 'casas_compartidas_duplex': 0.21344866652196584, 'departamentos': 0.08407756993384538, 'otras_viviendas': 0.007816751952184267}"
1412000012825,1100,1097,"{'casas_unicas': 776.0453306385228, 'casas_compartidas_duplex': 221.10603394864452, 'departamentos': 91.55632304751076, 'otras_viviendas': 11.29676699389398}","{'casas_unicas': 0.7054957551259299, 'casas_compartidas_duplex': 0.20100548540785865, 'departamentos': 0.08323302095228251, 'otras_viviendas': 0.010269788176267254}"
1412000012844,659,658,"{'casas_unicas': 472.14623821238416, 'casas_compartidas_duplex': 121.09618897969118, 'departamentos': 60.35702548262773, 'otras_viviendas': 5.446263535553574}","{'casas_unicas': 0.7164586315817666, 'casas_compartidas_duplex': 0.18375749465810498, 'departamentos': 0.09158880953357774, 'otras_viviendas': 0.008264436321022115}"
1412000012863,363,358,"{'casas_unicas': 266.82300355314266, 'casas_compartidas_duplex': 54.86758503083656, 'departamentos': 34.7853193552626, 'otras_viviendas': 6.5245714941863096}","{'casas_unicas': 0.7350495965651312, 'casas_compartidas_duplex': 0.15115037198577563, 'departamentos': 0.09582732604755538, 'otras_viviendas': 0.01797402615478322}"
1412000012897,1554,1552,"{'casas_unicas': 1175.3633619433951, 'casas_compartidas_duplex': 174.0329650667204, 'departamentos': 200.03906952593883, 'otras_viviendas': 4.594255314469752}","{'casas_unicas': 0.7563470797576546, 'casas_compartidas_duplex': 0.11199032501075959, 'departamentos': 0.1287252699652116, 'otras_viviendas': 0.0029564062512675367}"
141200001290A,1327,1327,"{'casas_unicas': 1047.5145180873483, 'casas_compartidas_duplex': 110.38329829221541, 'departamentos': 168.3801773798221, 'otras_viviendas': 0.6910871744714056}","{'casas_unicas': 0.789385469545854, 'casas_compartidas_duplex': 0.08318259102653762, 'departamentos': 0.12688785032390512, 'otras_viviendas': 0.0005207891292173365}"
1412000012914,1640,1640,"{'casas_unicas': 1241.4434857415724, 'casas_compartidas_duplex': 168.7282331388201, 'departamentos': 225.4831153082374, 'otras_viviendas': 4.341676660856463}","{'casas_unicas': 0.7569777352082758, 'casas_compartidas_duplex': 0.10288306898708542, 'departamentos': 0.1374897044562423, 'otras_viviendas': 0.0026473638175954044}"
1412000012929,1684,1683,"{'casas_unicas': 1259.015959449978, 'casas_compartidas_duplex': 254.5818494771767, 'departamentos': 164.0170680361806, 'otras_viviendas': 6.3923169614937025}","{'casas_unicas': 0.747634180195949, 'casas_compartidas_duplex': 0.15117687023585313, 'departamentos': 0.09739730881008349, 'otras_viviendas': 0.0037959126849725073}"
1412000012933,899,899,"{'casas_unicas': 677.3020913393358, 'casas_compartidas_duplex': 110.4082559413096, 'departamentos': 109.4495062819013, 'otras_viviendas': 1.840542673928281}","{'casas_unicas': 0.7533949848046004, 'casas_compartidas_duplex': 0.12281229804372593, 'departamentos': 0.12174583568620834, 'otras_viviendas': 0.002047322217940246}"
1412000012948,1309,1309,"{'casas_unicas': 1019.183119538914, 'casas_compartidas_duplex': 126.82448765578464, 'departamentos': 161.5450977185909, 'otras_viviendas': 1.4463412435384786}","{'casas_unicas': 0.7785967299762521, 'casas_compartidas_duplex': 0.0968865451915849, 'departamentos': 0.1234110754152719, 'otras_viviendas': 0.001104920736087455}"
1412000012952,857,857,"{'casas_unicas': 662.7330268156294, 'casas_compartidas_duplex': 88.50560075138809, 'departamentos': 104.67796360841534, 'otras_viviendas': 1.0986187541926962}","{'casas_unicas': 0.7733174175211545, 'casas_compartidas_duplex': 0.10327374650103627, 'departamentos': 0.12214464831787088, 'otras_viviendas': 0.0012819355358141145}"
1412000012967,1244,1244,"{'casas_unicas': 943.3303355232234, 'casas_compartidas_duplex': 129.2952857794649, 'departamentos': 169.03334558466753, 'otras_viviendas': 2.340571558178441}","{'casas_unicas': 0.7583041282341024, 'casas_compartidas_duplex': 0.10393511718606503, 'departamentos': 0.13587889516452373, 'otras_viviendas': 0.0018814883908186825}"
1412000012971,1042,1041,"{'casas_unicas': 811.5584108229538, 'casas_compartidas_duplex': 96.13981932415011, 'departamentos': 132.33315633183796, 'otras_viviendas': 1.9559090735372782}","{'casas_unicas': 0.7788468434001475, 'casas_compartidas_duplex': 0.0922647018465932, 'departamentos': 0.1269991903376564, 'otras_viviendas': 0.0018770720475405742}"
1412000012990,1218,1218,"{'casas_unicas': 913.1718964638536, 'casas_compartidas_duplex': 169.221419518036, 'departamentos': 132.0116801401817, 'otras_viviendas': 3.594832260004506}","{'casas_unicas': 0.7497306210704874, 'casas_compartidas_duplex': 0.13893384196883085, 'departamentos': 0.10838397384251372, 'otras_viviendas': 0.002951422216752468}"
1412000013005,628,628,"{'casas_unicas': 488.74008575759706, 'casas_compartidas_duplex': 58.51716742371489, 'departamentos': 79.97598665565646, 'otras_viviendas': 0.7667894683717513}","{'casas_unicas': 0.7782485441999953, 'casas_compartidas_duplex': 0.0931802029040046, 'departamentos': 0.1273502972223829, 'otras_viviendas': 0.0012210023381715785}"
141200001301A,1008,1006,"{'casas_unicas': 766.9451550007841, 'casas_compartidas_duplex': 94.79192984882391, 'departamentos': 143.0692198445282, 'otras_viviendas': 3.1857123447207853}","{'casas_unicas': 0.760858288691254, 'casas_compartidas_duplex': 0.09403961294526182, 'departamentos': 0.1419337498457621, 'otras_viviendas': 0.0031604289134134775}"
1412000013039,987,987,"{'casas_unicas': 719.0425143879966, 'casas_compartidas_duplex': 171.49496339137679, 'departamentos': 91.35470880600838, 'otras_viviendas': 5.103528721410029}","{'casas_unicas': 0.7285131858034413, 'casas_compartidas_duplex': 0.1737537623012936, 'departamentos': 0.0925579623161179, 'otras_viviendas': 0.005170748451276626}"
1412000013043,881,881,"{'casas_unicas': 639.8089631457794, 'casas_compartidas_duplex': 145.38030863246388, 'departamentos': 91.80744218654772, 'otras_viviendas': 3.9639726256126546}","{'casas_unicas': 0.7262303781450391, 'casas_compartidas_duplex': 0.1650173764273143, 'departamentos': 0.1042082204160587, 'otras_viviendas': 0.004499401391160789}"
1412000013062,1401,1399,"{'casas_unicas': 1047.4420628453486, 'casas_compartidas_duplex': 184.18590343106732, 'departamentos': 162.4392665349089, 'otras_viviendas': 6.92822197933978}","{'casas_unicas': 0.7476388742650597, 'casas_compartidas_duplex': 0.13146745426914155, 'departamentos': 0.11594522950386076, 'otras_viviendas': 0.004945197701170435}"
1412000013077,1234,1234,"{'casas_unicas': 913.9253791330482, 'casas_compartidas_duplex': 159.95448342994354, 'departamentos': 156.7534577749657, 'otras_viviendas': 3.376023659816267}","{'casas_unicas': 0.7406202424092773, 'casas_compartidas_duplex': 0.12962275804695586, 'departamentos': 0.1270287340153693, 'otras_viviendas': 0.0027358376497700703}"
1412000013081,664,664,"{'casas_unicas': 510.6998818935259, 'casas_compartidas_duplex': 65.80440946499444, 'departamentos': 86.72681844155332, 'otras_viviendas': 0.7772378855969648}","{'casas_unicas': 0.7691263281529005, 'casas_compartidas_duplex': 0.09910302630270246, 'departamentos': 0.13061267837583332, 'otras_viviendas': 0.0011705389843327783}"
1412000013113,967,967,"{'casas_unicas': 690.2751772841534, 'casas_compartidas_duplex': 187.35835968243268, 'departamentos': 82.01387694597624, 'otras_viviendas': 7.338600616684856}","{'casas_unicas': 0.7138316207695485, 'casas_compartidas_duplex': 0.1937521816778001, 'departamentos': 0.08481269591104057, 'otras_viviendas': 0.007589038900397989}"
1412000013132,939,939,"{'casas_unicas': 708.2599761843584, 'casas_compartidas_duplex': 124.733227246705, 'departamentos': 102.86698892132056, 'otras_viviendas': 3.147081338267413}","{'casas_unicas': 0.7542704751697107, 'casas_compartidas_duplex': 0.1328362377494196, 'departamentos': 0.1095495089683925, 'otras_viviendas': 0.0033515243219035284}"
1412000013147,1627,1625,"{'casas_unicas': 1251.914487680957, 'casas_compartidas_duplex': 164.14738102260085, 'departamentos': 206.74994743853523, 'otras_viviendas': 4.189342921157851}","{'casas_unicas': 0.7694618854830714, 'casas_compartidas_duplex': 0.10088960112022179, 'departamentos': 0.12707433770039042, 'otras_viviendas': 0.0025748880892181017}"
1412000013166,1405,1404,"{'casas_unicas': 1047.0598261320254, 'casas_compartidas_duplex': 144.940307276591, 'departamentos': 209.38676648294685, 'otras_viviendas': 3.6120140768865148}","{'casas_unicas': 0.7452383104142529, 'casas_compartidas_duplex': 0.10316036105095445, 'departamentos': 0.14902972703412587, 'otras_viviendas': 0.002570828524474388}"
1412000013170,1537,1535,"{'casas_unicas': 1170.4845347231906, 'casas_compartidas_duplex': 144.78645814118764, 'departamentos': 218.189859408462, 'otras_viviendas': 3.5859263484298953}","{'casas_unicas': 0.7615384090586796, 'casas_compartidas_duplex': 0.09420068844579547, 'departamentos': 0.1419582689710228, 'otras_viviendas': 0.002333068541593946}"
1412000013185,1262,1262,"{'casas_unicas': 946.251224547469, 'casas_compartidas_duplex': 165.83470464419557, 'departamentos': 145.61332236650765, 'otras_viviendas': 4.3086747979799505}","{'casas_unicas': 0.7498028720661403, 'casas_compartidas_duplex': 0.131406263584941, 'departamentos': 0.11538298127298545, 'otras_viviendas': 0.003414163865277298}"
141200001319A,1887,1885,"{'casas_unicas': 1429.7505401020212, 'casas_compartidas_duplex': 224.60606768197025, 'departamentos': 226.67257215576728, 'otras_viviendas': 5.965599704598892}","{'casas_unicas': 0.757684440965565, 'casas_compartidas_duplex': 0.11902812277793866, 'departamentos': 0.1201232496850913, 'otras_viviendas': 0.0031614200872278177}"
1412000013217,2114,2114,"{'casas_unicas': 1580.795376639396, 'casas_compartidas_duplex': 235.76401557044144, 'departamentos': 293.3781054936589, 'otras_viviendas': 4.0542649246361835}","{'casas_unicas': 0.7477745395645203, 'casas_compartidas_duplex': 0.11152507832092784, 'departamentos': 0.13877866863465416, 'otras_viviendas': 0.0019178168990710424}"
1412000013236,1962,1962,"{'casas_unicas': 1493.870095346777, 'casas_compartidas_duplex': 257.6212218800613, 'departamentos': 204.9360862657456, 'otras_viviendas': 5.618241266789854}","{'casas_unicas': 0.7614016795855132, 'casas_compartidas_duplex': 0.13130541380227384, 'departamentos': 0.10445264335664912, 'otras_viviendas': 0.0028635276589142984}"
141200001326A,3283,3283,"{'casas_unicas': 2468.7127792942765, 'casas_compartidas_duplex': 437.5204711723148, 'departamentos': 362.69307060082497, 'otras_viviendas': 14.057800564190611}","{'casas_unicas': 0.7519685590296303, 'casas_compartidas_duplex': 0.13326849563579493, 'departamentos': 0.11047611044801248, 'otras_viviendas': 0.0042819983442554405}"
1412000013274,1760,1759,"{'casas_unicas': 1333.6359209542097, 'casas_compartidas_duplex': 207.12566367214913, 'departamentos': 214.20355309129852, 'otras_viviendas': 5.008225783784533}","{'casas_unicas': 0.7577476823603464, 'casas_compartidas_duplex': 0.11768503617735745, 'departamentos': 0.12170656425641961, 'otras_viviendas': 0.002845582831695757}"
1412000013325,849,849,"{'casas_unicas': 621.9016894754645, 'casas_compartidas_duplex': 134.64699791422848, 'departamentos': 88.2143359052487, 'otras_viviendas': 4.260379172790917}","{'casas_unicas': 0.7325108238815836, 'casas_compartidas_duplex': 0.15859481497553413, 'departamentos': 0.10390381143138834, 'otras_viviendas': 0.005018114455584119}"
1412000013378,876,876,"{'casas_unicas': 667.8747872581087, 'casas_compartidas_duplex': 114.17624482772554, 'departamentos': 91.40061282065098, 'otras_viviendas': 2.5549129421891084}","{'casas_unicas': 0.7624141407056035, 'casas_compartidas_duplex': 0.13033817902708394, 'departamentos': 0.10433859911033216, 'otras_viviendas': 0.002916567285604005}"
1412000013397,3202,3198,"{'casas_unicas': 2456.581135432065, 'casas_compartidas_duplex': 381.9903024106165, 'departamentos': 350.66176944371733, 'otras_viviendas': 12.829258958868088}","{'casas_unicas': 0.7672021035078279, 'casas_compartidas_duplex': 0.11929740862292833, 'departamentos': 0.1095133571029723, 'otras_viviendas': 0.00400663927509934}"
141200001340A,666,663,"{'casas_unicas': 492.01104563779, 'casas_compartidas_duplex': 96.86998210687601, 'departamentos': 71.28241263319686, 'otras_viviendas': 5.831686618675317}","{'casas_unicas': 0.7387553237804655, 'casas_compartidas_duplex': 0.1454504235838979, 'departamentos': 0.10703064959939468, 'otras_viviendas': 0.008756286214227202}"
1412000013414,515,515,"{'casas_unicas': 380.82409337850333, 'casas_compartidas_duplex': 80.86673589190862, 'departamentos': 51.13348535750639, 'otras_viviendas': 2.176838057080671}","{'casas_unicas': 0.7394642589873851, 'casas_compartidas_duplex': 0.1570227881396284, 'departamentos': 0.09928832108253667, 'otras_viviendas': 0.004226870013748876}"
1412000013433,770,767,"{'casas_unicas': 582.9020578220022, 'casas_compartidas_duplex': 96.87147233915141, 'departamentos': 85.89739654015793, 'otras_viviendas': 4.332403625809722}","{'casas_unicas': 0.7570156595090938, 'casas_compartidas_duplex': 0.12580710693396288, 'departamentos': 0.11155506044176354, 'otras_viviendas': 0.005626498215337301}"
1412000013448,246,246,"{'casas_unicas': 190.67979507508394, 'casas_compartidas_duplex': 23.214196121256755, 'departamentos': 31.704512387458003, 'otras_viviendas': 0.40114347705065434}","{'casas_unicas': 0.7751211181913982, 'casas_compartidas_duplex': 0.0943666508994177, 'departamentos': 0.12888013165633336, 'otras_viviendas': 0.0016306645408563185}"
1412000013490,550,548,"{'casas_unicas': 390.4531852146767, 'casas_compartidas_duplex': 110.88624691696815, 'departamentos': 42.6190215308546, 'otras_viviendas': 6.051095950963313}","{'casas_unicas': 0.7099148822085031, 'casas_compartidas_duplex': 0.20161135803085117, 'departamentos': 0.07748913005609928, 'otras_viviendas': 0.011001992638115113}"
1412000013556,1062,1062,"{'casas_unicas': 784.9745186809895, 'casas_compartidas_duplex': 169.5270812969182, 'departamentos': 103.30726731288556, 'otras_viviendas': 4.177639542665186}","{'casas_unicas': 0.7391473810555457, 'casas_compartidas_duplex': 0.15963002005359528, 'departamentos': 0.09727614624565495, 'otras_viviendas': 0.003933747215315617}"
1412000013575,2227,2227,"{'casas_unicas': 1701.4207950029481, 'casas_compartidas_duplex': 235.58168698746528, 'departamentos': 285.6552502807739, 'otras_viviendas': 4.262748275771141}","{'casas_unicas': 0.7639967647072061, 'casas_compartidas_duplex': 0.10578432285023137, 'departamentos': 0.12826908409554283, 'otras_viviendas': 0.0019141213631662063}"
1412000013594,248,248,"{'casas_unicas': 187.07130551351023, 'casas_compartidas_duplex': 36.62381745524067, 'departamentos': 23.464767887840445, 'otras_viviendas': 0.8479470489750195}","{'casas_unicas': 0.7543197802964122, 'casas_compartidas_duplex': 0.14767668328726077, 'departamentos': 0.09461599954774373, 'otras_viviendas': 0.0034191413265121755}"
1412000013611,200,200,"{'casas_unicas': 149.00290871259713, 'casas_compartidas_duplex': 33.51556824809437, 'departamentos': 16.6775146146419, 'otras_viviendas': 0.8032956795833289}","{'casas_unicas': 0.7450145435629857, 'casas_compartidas_duplex': 0.16757784124047184, 'departamentos': 0.0833875730732095, 'otras_viviendas': 0.0040164783979166445}"
1412000013630,85,85,"{'casas_unicas': 62.625438632434175, 'casas_compartidas_duplex': 15.311780969582824, 'departamentos': 6.666057267475914, 'otras_viviendas': 0.3966981792014452}","{'casas_unicas': 0.7367698662639315, 'casas_compartidas_duplex': 0.18013859964215087, 'departamentos': 0.07842420314677545, 'otras_viviendas': 0.0046670374023699435}"
141200001365A,274,274,"{'casas_unicas': 196.85084156166917, 'casas_compartidas_duplex': 52.98313276496498, 'departamentos': 22.307251239430236, 'otras_viviendas': 1.8051014279738495}","{'casas_unicas': 0.7184337283272597, 'casas_compartidas_duplex': 0.19336909768235394, 'departamentos': 0.08141332569135123, 'otras_viviendas': 0.006587961415962955}"
1412000013683,323,323,"{'casas_unicas': 224.75604885636636, 'casas_compartidas_duplex': 74.1713798367613, 'departamentos': 23.250642333423905, 'otras_viviendas': 0.8313592126683982}","{'casas_unicas': 0.6958391605460259, 'casas_compartidas_duplex': 0.2296327549125737, 'departamentos': 0.07198341279697804, 'otras_viviendas': 0.0025738675314811088}"
1412000013700,124,123,"{'casas_unicas': 94.24539554475966, 'casas_compartidas_duplex': 15.074364569217249, 'departamentos': 13.283892235299577, 'otras_viviendas': 1.3963241968356028}","{'casas_unicas': 0.7600435124577392, 'casas_compartidas_duplex': 0.12156745620336491, 'departamentos': 0.10712816318789982, 'otras_viviendas': 0.011260679006738732}"
141200001372A,607,607,"{'casas_unicas': 435.7253895277842, 'casas_compartidas_duplex': 110.37475385331373, 'departamentos': 57.02416699492475, 'otras_viviendas': 3.8739021536742526}","{'casas_unicas': 0.7178342496339114, 'casas_compartidas_duplex': 0.18183649728717255, 'departamentos': 0.09394426193562562, 'otras_viviendas': 0.006382046381670927}"
1412000013734,849,849,"{'casas_unicas': 599.7811804828016, 'casas_compartidas_duplex': 172.07513817897078, 'departamentos': 70.26308189669032, 'otras_viviendas': 6.884448655972012}","{'casas_unicas': 0.7064560429714978, 'casas_compartidas_duplex': 0.20267978584095497, 'departamentos': 0.08275981377702041, 'otras_viviendas': 0.008108891232004724}"
1412000013772,1624,1623,"{'casas_unicas': 1237.0601178143042, 'casas_compartidas_duplex': 188.82378762589929, 'departamentos': 193.9294317048423, 'otras_viviendas': 3.9767162879650915}","{'casas_unicas': 0.7617365257477243, 'casas_compartidas_duplex': 0.11627080518836162, 'departamentos': 0.11941467469509993, 'otras_viviendas': 0.002448716926086879}"
1412000013787,1017,1016,"{'casas_unicas': 716.9281438397599, 'casas_compartidas_duplex': 204.53954384288755, 'departamentos': 86.53302959112115, 'otras_viviendas': 8.993878154338862}","{'casas_unicas': 0.7049440942377186, 'casas_compartidas_duplex': 0.20112049542073507, 'departamentos': 0.08508655810336396, 'otras_viviendas': 0.00884353800819947}"
1412000013791,698,697,"{'casas_unicas': 494.226652847334, 'casas_compartidas_duplex': 139.05809184840598, 'departamentos': 58.36318138987958, 'otras_viviendas': 6.3544996210108}","{'casas_unicas': 0.7080611072311375, 'casas_compartidas_duplex': 0.19922362728997992, 'departamentos': 0.0836148730514034, 'otras_viviendas': 0.009103867651877937}"
1412000013819,682,682,"{'casas_unicas': 484.82073520056895, 'casas_compartidas_duplex': 129.7625850605284, 'departamentos': 62.061136684403316, 'otras_viviendas': 5.348631467413196}","{'casas_unicas': 0.7108808434025937, 'casas_compartidas_duplex': 0.1902677200301003, 'departamentos': 0.09099873414135383, 'otras_viviendas': 0.007842568134036944}"
1412000013861,527,527,"{'casas_unicas': 366.57095721845826, 'casas_compartidas_duplex': 111.9269414123819, 'departamentos': 43.96420483237364, 'otras_viviendas': 4.545094129978132}","{'casas_unicas': 0.6955805639818943, 'casas_compartidas_duplex': 0.21238508806903586, 'departamentos': 0.08342353858135415, 'otras_viviendas': 0.008624467039806702}"
1412000013876,46,46,"{'casas_unicas': 30.78028235677293, 'casas_compartidas_duplex': 10.809122429644548, 'departamentos': 4.0268879444276235, 'otras_viviendas': 0.38370751827288047}","{'casas_unicas': 0.6691365729733245, 'casas_compartidas_duplex': 0.23498092238357712, 'departamentos': 0.08754104227016572, 'otras_viviendas': 0.00834146778854088}"
1412000013984,872,872,"{'casas_unicas': 697.0613829174836, 'casas_compartidas_duplex': 71.12967468893291, 'departamentos': 103.40917688746254, 'otras_viviendas': 0.3957788692176816}","{'casas_unicas': 0.7993823198594995, 'casas_compartidas_duplex': 0.08157072785428086, 'departamentos': 0.11858850560488823, 'otras_viviendas': 0.00045387485002027704}"
1412000014060,2012,2011,"{'casas_unicas': 1535.073134678304, 'casas_compartidas_duplex': 240.0701596755068, 'departamentos': 228.39818621625167, 'otras_viviendas': 8.448968347820463}","{'casas_unicas': 0.7629588144524374, 'casas_compartidas_duplex': 0.11931916484866144, 'departamentos': 0.11351798519694417, 'otras_viviendas': 0.004199288443250727}"
1412000014075,1233,1233,"{'casas_unicas': 940.5009944790859, 'casas_compartidas_duplex': 156.6342870328742, 'departamentos': 132.48450720119402, 'otras_viviendas': 3.3656867900842484}","{'casas_unicas': 0.7627745291801183, 'casas_compartidas_duplex': 0.12703510708262303, 'departamentos': 0.1074489109498735, 'otras_viviendas': 0.002729672984658758}"
1412000014094,197,197,"{'casas_unicas': 149.39298591718693, 'casas_compartidas_duplex': 24.91655576700153, 'departamentos': 22.073379691266545, 'otras_viviendas': 0.6136856615475612}","{'casas_unicas': 0.7583400300364819, 'casas_compartidas_duplex': 0.12647997851269813, 'departamentos': 0.11204761264602307, 'otras_viviendas': 0.003115155642373407}"
1412000014183,977,977,"{'casas_unicas': 753.8846548286836, 'casas_compartidas_duplex': 95.5505173118545, 'departamentos': 126.23235223478349, 'otras_viviendas': 1.3245849155147489}","{'casas_unicas': 0.7716321953210681, 'casas_compartidas_duplex': 0.09779991536525538, 'departamentos': 0.12920404527613458, 'otras_viviendas': 0.001355767569615915}"
1412000014215,744,744,"{'casas_unicas': 578.909597068271, 'casas_compartidas_duplex': 75.50768360737871, 'departamentos': 88.18373362313048, 'otras_viviendas': 1.375481526123735}","{'casas_unicas': 0.7781042971347728, 'casas_compartidas_duplex': 0.10148882205292838, 'departamentos': 0.11852652368700334, 'otras_viviendas': 0.0018487654921017943}"
141200001422A,1160,1160,"{'casas_unicas': 876.4758910198261, 'casas_compartidas_duplex': 170.6000273137605, 'departamentos': 109.39192223181766, 'otras_viviendas': 3.528686236477976}","{'casas_unicas': 0.7555826646722639, 'casas_compartidas_duplex': 0.14706898906358665, 'departamentos': 0.09430338123432556, 'otras_viviendas': 0.0030419708935154966}"
1412000014234,1073,1073,"{'casas_unicas': 798.1576816544126, 'casas_compartidas_duplex': 155.77228122504374, 'departamentos': 115.73873931616806, 'otras_viviendas': 3.3243917252365947}","{'casas_unicas': 0.7438561804794153, 'casas_compartidas_duplex': 0.1451745398183073, 'departamentos': 0.10786462191627966, 'otras_viviendas': 0.0030982215519446362}"
1412000014249,1055,1055,"{'casas_unicas': 782.6743749966396, 'casas_compartidas_duplex': 161.44427035154726, 'departamentos': 107.44670808320024, 'otras_viviendas': 3.450653741662312}","{'casas_unicas': 0.7418714454944451, 'casas_compartidas_duplex': 0.15302774440904954, 'departamentos': 0.10184522093194336, 'otras_viviendas': 0.0032707618404382104}"
1412000014268,952,952,"{'casas_unicas': 679.5679835648693, 'casas_compartidas_duplex': 171.94464039028176, 'departamentos': 93.79382203547182, 'otras_viviendas': 6.7041947324736295}","{'casas_unicas': 0.7138319155093166, 'casas_compartidas_duplex': 0.18061411805701866, 'departamentos': 0.09852292230616788, 'otras_viviendas': 0.007042221357640367}"
1412000014272,818,818,"{'casas_unicas': 586.8878895055335, 'casas_compartidas_duplex': 157.03557461470615, 'departamentos': 67.00308113620893, 'otras_viviendas': 7.0839919943680645}","{'casas_unicas': 0.7174668575862267, 'casas_compartidas_duplex': 0.1919750300913278, 'departamentos': 0.08191085713472974, 'otras_viviendas': 0.008660136912430397}"
1412000014287,842,842,"{'casas_unicas': 607.4597581516435, 'casas_compartidas_duplex': 151.25025571115526, 'departamentos': 78.04810737422795, 'otras_viviendas': 5.250183163383751}","{'casas_unicas': 0.7214486438855624, 'casas_compartidas_duplex': 0.17963213267358108, 'departamentos': 0.09269371422117334, 'otras_viviendas': 0.006235371928009205}"
1412000014291,641,641,"{'casas_unicas': 461.1470705150948, 'casas_compartidas_duplex': 116.48164879017646, 'departamentos': 58.03866810606219, 'otras_viviendas': 5.330149057750802}","{'casas_unicas': 0.7194182067318172, 'casas_compartidas_duplex': 0.1817186408583096, 'departamentos': 0.09054394400321715, 'otras_viviendas': 0.008315365144697039}"
1412000014304,563,563,"{'casas_unicas': 413.38700812177825, 'casas_compartidas_duplex': 93.16272552979949, 'departamentos': 53.33734868500383, 'otras_viviendas': 3.118569010866922}","{'casas_unicas': 0.7342575632713646, 'casas_compartidas_duplex': 0.16547553380070956, 'departamentos': 0.09473774189165868, 'otras_viviendas': 0.005539198953582455}"
1412000014323,782,781,"{'casas_unicas': 561.3009350078792, 'casas_compartidas_duplex': 139.45259151932493, 'departamentos': 74.87889641866867, 'otras_viviendas': 6.36505381973805}","{'casas_unicas': 0.7177761317236306, 'casas_compartidas_duplex': 0.17832812214747434, 'departamentos': 0.09575306447400087, 'otras_viviendas': 0.00813945501245275}"
1412000014338,965,965,"{'casas_unicas': 684.9341908308388, 'casas_compartidas_duplex': 191.03394883069961, 'departamentos': 81.16089565777271, 'otras_viviendas': 8.00911464354655}","{'casas_unicas': 0.7097763635552734, 'casas_compartidas_duplex': 0.1979626412753364, 'departamentos': 0.08410455508577483, 'otras_viviendas': 0.008299600666887617}"
1412000014342,705,705,"{'casas_unicas': 517.6839884156074, 'casas_compartidas_duplex': 105.53510757456554, 'departamentos': 78.12484227972386, 'otras_viviendas': 3.6711777328630295}","{'casas_unicas': 0.7343035296675282, 'casas_compartidas_duplex': 0.14969518804902915, 'departamentos': 0.1108153791201757, 'otras_viviendas': 0.005207344301933375}"
1412000014357,621,621,"{'casas_unicas': 476.20321464517883, 'casas_compartidas_duplex': 62.13062360660222, 'departamentos': 81.68051008255527, 'otras_viviendas': 1.0128991941479049}","{'casas_unicas': 0.7668328738247646, 'casas_compartidas_duplex': 0.10004931337617105, 'departamentos': 0.13153061204920333, 'otras_viviendas': 0.0016310776073235184}"
1412000014376,481,480,"{'casas_unicas': 365.2501410607756, 'casas_compartidas_duplex': 44.945737563070814, 'departamentos': 69.3367504166198, 'otras_viviendas': 1.4754602562168124}","{'casas_unicas': 0.7593558026211551, 'casas_compartidas_duplex': 0.09344228183590605, 'departamentos': 0.1441512482674008, 'otras_viviendas': 0.0030674849401596932}"
1412000014380,1265,1264,"{'casas_unicas': 960.2373869397345, 'casas_compartidas_duplex': 131.09167406873618, 'departamentos': 171.14105366170463, 'otras_viviendas': 2.528546910670043}","{'casas_unicas': 0.7590809382922803, 'casas_compartidas_duplex': 0.10362978187251873, 'departamentos': 0.13528937048356096, 'otras_viviendas': 0.0019988513127826425}"
1412000014408,981,981,"{'casas_unicas': 753.3400232886834, 'casas_compartidas_duplex': 93.50816424897944, 'departamentos': 132.80858527578297, 'otras_viviendas': 1.3248482945181828}","{'casas_unicas': 0.7679307067162929, 'casas_compartidas_duplex': 0.09531922961159983, 'departamentos': 0.13538082087235778, 'otras_viviendas': 0.0013505079454823473}"
1412000014412,594,594,"{'casas_unicas': 463.8202802682632, 'casas_compartidas_duplex': 52.48669632612089, 'departamentos': 77.25744265257214, 'otras_viviendas': 0.4366594882635436}","{'casas_unicas': 0.7808422226738438, 'casas_compartidas_duplex': 0.08836144162646614, 'departamentos': 0.13006303476863995, 'otras_viviendas': 0.0007351169836086593}"
1412000014431,812,812,"{'casas_unicas': 613.6803769999563, 'casas_compartidas_duplex': 108.79761065628442, 'departamentos': 86.61157923930391, 'otras_viviendas': 2.899426539522228}","{'casas_unicas': 0.75576401108369, 'casas_compartidas_duplex': 0.13398720524172958, 'departamentos': 0.10666450645234471, 'otras_viviendas': 0.0035707223393130886}"
1412000014465,1104,1104,"{'casas_unicas': 837.8707391675393, 'casas_compartidas_duplex': 114.06441520368755, 'departamentos': 150.25634476358923, 'otras_viviendas': 1.8087897450147128}","{'casas_unicas': 0.7589408869271189, 'casas_compartidas_duplex': 0.10331921667000683, 'departamentos': 0.1361017615612221, 'otras_viviendas': 0.0016383965081655006}"
1412000014501,364,364,"{'casas_unicas': 268.5730136781846, 'casas_compartidas_duplex': 59.78281757038626, 'departamentos': 33.51639259417451, 'otras_viviendas': 2.1434888462555595}","{'casas_unicas': 0.7378379496653423, 'casas_compartidas_duplex': 0.16423850980875346, 'departamentos': 0.09207800163234756, 'otras_viviendas': 0.005888705621581208}"
1412000014516,534,532,"{'casas_unicas': 392.3012472042994, 'casas_compartidas_duplex': 88.38202977930771, 'departamentos': 48.23796391474664, 'otras_viviendas': 5.08010283565748}","{'casas_unicas': 0.7346465303451299, 'casas_compartidas_duplex': 0.16550941906237399, 'departamentos': 0.09033326575795252, 'otras_viviendas': 0.009513301190369814}"
1412000014520,949,949,"{'casas_unicas': 692.1678352636228, 'casas_compartidas_duplex': 171.67839561614758, 'departamentos': 80.7383769874213, 'otras_viviendas': 4.419767964813426}","{'casas_unicas': 0.729365474461141, 'casas_compartidas_duplex': 0.18090452646590893, 'departamentos': 0.08507732032394237, 'otras_viviendas': 0.004657289741636908}"
1412000014535,1051,1050,"{'casas_unicas': 781.7881315900506, 'casas_compartidas_duplex': 162.95658207277913, 'departamentos': 101.01007730844388, 'otras_viviendas': 5.244667549183919}","{'casas_unicas': 0.743851695138012, 'casas_compartidas_duplex': 0.15504907904165474, 'departamentos': 0.09610854168262976, 'otras_viviendas': 0.0049901689335717595}"
141200001454A,1295,1295,"{'casas_unicas': 939.3826473502862, 'casas_compartidas_duplex': 232.3487771239104, 'departamentos': 115.357336054367, 'otras_viviendas': 7.886431637912294}","{'casas_unicas': 0.7253920056758967, 'casas_compartidas_duplex': 0.17941990511498873, 'departamentos': 0.08907902398020617, 'otras_viviendas': 0.006089908600704474}"
1412000014573,535,532,"{'casas_unicas': 393.8485083413709, 'casas_compartidas_duplex': 82.2228364620148, 'departamentos': 53.58808619114359, 'otras_viviendas': 5.344973028946531}","{'casas_unicas': 0.7361654361520952, 'casas_compartidas_duplex': 0.1536875447888127, 'departamentos': 0.1001646470862497, 'otras_viviendas': 0.009990603792423423}"
1412000014605,2186,2183,"{'casas_unicas': 1697.380415243712, 'casas_compartidas_duplex': 202.32951329496834, 'departamentos': 280.36469436934686, 'otras_viviendas': 5.925035274180281}","{'casas_unicas': 0.7764777745854126, 'casas_compartidas_duplex': 0.09255695942130299, 'departamentos': 0.1282546634809455, 'otras_viviendas': 0.002710446145553651}"
1412000014643,1152,1151,"{'casas_unicas': 820.1524877691803, 'casas_compartidas_duplex': 244.243706651227, 'departamentos': 78.67322515512657, 'otras_viviendas': 8.92588265371964}","{'casas_unicas': 0.7119379234107468, 'casas_compartidas_duplex': 0.212017106468079, 'departamentos': 0.0682927301693807, 'otras_viviendas': 0.007748162025798299}"
1412000014658,1753,1750,"{'casas_unicas': 1240.9055167032673, 'casas_compartidas_duplex': 370.4184982012285, 'departamentos': 127.14053741991552, 'otras_viviendas': 14.529307899657939}","{'casas_unicas': 0.7078753660600497, 'casas_compartidas_duplex': 0.2113054753001874, 'departamentos': 0.07252740297770423, 'otras_viviendas': 0.008288253222851077}"
1412000014662,1207,1204,"{'casas_unicas': 871.8808739558402, 'casas_compartidas_duplex': 226.61825033067868, 'departamentos': 98.75690956402586, 'otras_viviendas': 9.75025995517666}","{'casas_unicas': 0.7223536652492463, 'casas_compartidas_duplex': 0.18775331427562442, 'departamentos': 0.08182014048386567, 'otras_viviendas': 0.008078094411911069}"
1412000014677,679,677,"{'casas_unicas': 495.214412543517, 'casas_compartidas_duplex': 116.37547833015343, 'departamentos': 62.11249413151949, 'otras_viviendas': 5.300320568046981}","{'casas_unicas': 0.729329031728302, 'casas_compartidas_duplex': 0.17139245703999031, 'departamentos': 0.09147642729237038, 'otras_viviendas': 0.007806068583279795}"
1412000014732,786,786,"{'casas_unicas': 597.0404356173747, 'casas_compartidas_duplex': 79.44509147984041, 'departamentos': 108.18321158393381, 'otras_viviendas': 1.374154855621292}","{'casas_unicas': 0.7595934295386446, 'casas_compartidas_duplex': 0.10107517999979697, 'departamentos': 0.13763767377090816, 'otras_viviendas': 0.001748288620383323}"
141200001486A,122,120,"{'casas_unicas': 84.64877572454822, 'casas_compartidas_duplex': 25.184693020024575, 'departamentos': 9.497445457656648, 'otras_viviendas': 2.672964220395709}","{'casas_unicas': 0.6938424239717067, 'casas_compartidas_duplex': 0.20643191000020145, 'departamentos': 0.07784791358734958, 'otras_viviendas': 0.021909542790128765}"
1412000014889,1495,1495,"{'casas_unicas': 1143.6547444268897, 'casas_compartidas_duplex': 175.8771973722128, 'departamentos': 171.61929351604167, 'otras_viviendas': 3.849138560741161}","{'casas_unicas': 0.7649864511216653, 'casas_compartidas_duplex': 0.11764361028241659, 'departamentos': 0.11479551405755295, 'otras_viviendas': 0.0025746746225693384}"
1412000014978,271,269,"{'casas_unicas': 187.15855543729796, 'casas_compartidas_duplex': 59.7818239152808, 'departamentos': 19.460297380613323, 'otras_viviendas': 4.604059104170916}","{'casas_unicas': 0.6906219757833874, 'casas_compartidas_duplex': 0.22059713621874835, 'departamentos': 0.07180921542661743, 'otras_viviendas': 0.016989147985870538}"
1412000015105,580,579,"{'casas_unicas': 440.3383757691087, 'casas_compartidas_duplex': 72.38056675227254, 'departamentos': 64.27963761255435, 'otras_viviendas': 2.997652027087684}","{'casas_unicas': 0.7592040961536357, 'casas_compartidas_duplex': 0.12479408060736645, 'departamentos': 0.11082696140095578, 'otras_viviendas': 0.005168365563944283}"
1412000015139,222,222,"{'casas_unicas': 154.37961168646893, 'casas_compartidas_duplex': 47.506691735853586, 'departamentos': 18.121032792919582, 'otras_viviendas': 1.9973119066472587}","{'casas_unicas': 0.6954036562453556, 'casas_compartidas_duplex': 0.2139941069182594, 'departamentos': 0.0816262738419801, 'otras_viviendas': 0.008996900480393057}"
1412000015143,571,569,"{'casas_unicas': 411.5953675914333, 'casas_compartidas_duplex': 101.22295259662373, 'departamentos': 52.98733632321622, 'otras_viviendas': 5.184615609667052}","{'casas_unicas': 0.7208325176732632, 'casas_compartidas_duplex': 0.17727312188550565, 'departamentos': 0.09279743664311071, 'otras_viviendas': 0.009079887232341597}"
1412000015158,698,698,"{'casas_unicas': 506.51788788992366, 'casas_compartidas_duplex': 126.26646139570146, 'departamentos': 60.89424571407428, 'otras_viviendas': 4.327461204828383}","{'casas_unicas': 0.725670326489862, 'casas_compartidas_duplex': 0.18089750916289607, 'departamentos': 0.08724103970497749, 'otras_viviendas': 0.0061998011530492595}"
1412000015162,447,447,"{'casas_unicas': 311.7010530576797, 'casas_compartidas_duplex': 95.4449337857963, 'departamentos': 35.865534110323324, 'otras_viviendas': 3.9933997443608824}","{'casas_unicas': 0.697317792075346, 'casas_compartidas_duplex': 0.21352334180267626, 'departamentos': 0.08023609420653988, 'otras_viviendas': 0.008933780188726806}"
1412000015177,972,971,"{'casas_unicas': 691.2292974518483, 'casas_compartidas_duplex': 188.2245413705669, 'departamentos': 84.3686666633412, 'otras_viviendas': 8.172952593875683}","{'casas_unicas': 0.7111412525224777, 'casas_compartidas_duplex': 0.19364664750058322, 'departamentos': 0.0867990397771, 'otras_viviendas': 0.008408387442258934}"
1412000015181,21,21,"{'casas_unicas': 16.740066306676866, 'casas_compartidas_duplex': 1.64013152075557, 'departamentos': 2.6140502240487984, 'otras_viviendas': 0.005568372082820812}","{'casas_unicas': 0.7971460146036603, 'casas_compartidas_duplex': 0.07810150098836048, 'departamentos': 0.12447858209756182, 'otras_viviendas': 0.00026516057537241965}"
1412000015209,1864,1862,"{'casas_unicas': 1407.668204491634, 'casas_compartidas_duplex': 254.05143695135436, 'departamentos': 194.476337862642, 'otras_viviendas': 7.814802860893142}","{'casas_unicas': 0.7551868049847822, 'casas_compartidas_duplex': 0.13629368935158495, 'departamentos': 0.10433279928253326, 'otras_viviendas': 0.0041924908052001835}"
1412000015228,119,119,"{'casas_unicas': 90.23439794380133, 'casas_compartidas_duplex': 14.465814062922602, 'departamentos': 14.149637162435045, 'otras_viviendas': 0.15067162515852647}","{'casas_unicas': 0.7582722516285826, 'casas_compartidas_duplex': 0.12156146271363531, 'departamentos': 0.1189045139700424, 'otras_viviendas': 0.0012661481105758527}"
1412000015251,769,769,"{'casas_unicas': 616.1501433381077, 'casas_compartidas_duplex': 66.48780817833628, 'departamentos': 85.58297686320617, 'otras_viviendas': 0.7752865738664947}","{'casas_unicas': 0.801235557006642, 'casas_compartidas_duplex': 0.0864600886584347, 'departamentos': 0.11129125729935783, 'otras_viviendas': 0.001008174998526001}"
1412000015266,2180,2179,"{'casas_unicas': 1687.6074277883383, 'casas_compartidas_duplex': 229.61470214936097, 'departamentos': 257.27905320861055, 'otras_viviendas': 5.46180001374952}","{'casas_unicas': 0.7741318476093295, 'casas_compartidas_duplex': 0.10532784502264264, 'departamentos': 0.1180179143158764, 'otras_viviendas': 0.0025054128503438165}"
1412000015285,791,791,"{'casas_unicas': 609.0177517631821, 'casas_compartidas_duplex': 80.11446681521014, 'departamentos': 100.979214718481, 'otras_viviendas': 0.8444602482272132}","{'casas_unicas': 0.7699339466032643, 'casas_compartidas_duplex': 0.10128251177649827, 'departamentos': 0.12766019559858535, 'otras_viviendas': 0.0010675856488333922}"
1412000015317,785,785,"{'casas_unicas': 560.8094336763942, 'casas_compartidas_duplex': 154.4638570415476, 'departamentos': 63.63253718063493, 'otras_viviendas': 6.080548596421037}","{'casas_unicas': 0.7144069218807569, 'casas_compartidas_duplex': 0.19676924463891415, 'departamentos': 0.08106055691800627, 'otras_viviendas': 0.0077459217788803025}"
1412000015336,772,771,"{'casas_unicas': 554.1831477424438, 'casas_compartidas_duplex': 152.61287495546236, 'departamentos': 58.78852992059512, 'otras_viviendas': 6.452377888003017}","{'casas_unicas': 0.7178538183192277, 'casas_compartidas_duplex': 0.19768507118583206, 'departamentos': 0.07615094549299886, 'otras_viviendas': 0.008358002445599763}"
1412000015340,3095,3094,"{'casas_unicas': 2355.0153114294735, 'casas_compartidas_duplex': 314.3132865398506, 'departamentos': 420.31301642032037, 'otras_viviendas': 5.3475537091540355}","{'casas_unicas': 0.7609096321258396, 'casas_compartidas_duplex': 0.10155518143452362, 'departamentos': 0.1358038825267594, 'otras_viviendas': 0.0017278041063502538}"
1412000015355,290,288,"{'casas_unicas': 221.1627135104378, 'casas_compartidas_duplex': 39.26097233472675, 'departamentos': 26.69604743809161, 'otras_viviendas': 2.8784727260560508}","{'casas_unicas': 0.7626300465877166, 'casas_compartidas_duplex': 0.1353826632231957, 'departamentos': 0.09205533599341935, 'otras_viviendas': 0.009925768020882934}"
141200001536A,928,928,"{'casas_unicas': 713.2992713534459, 'casas_compartidas_duplex': 115.92170772728677, 'departamentos': 95.97993110703364, 'otras_viviendas': 2.811139844451854}","{'casas_unicas': 0.7686414561998339, 'casas_compartidas_duplex': 0.12491563332681764, 'departamentos': 0.10342664989982073, 'otras_viviendas': 0.0030292455220386357}"
1412000015374,1686,1686,"{'casas_unicas': 1285.1905712521404, 'casas_compartidas_duplex': 159.76408274975918, 'departamentos': 239.27169674165108, 'otras_viviendas': 1.785344680003801}","{'casas_unicas': 0.7622719876940335, 'casas_compartidas_duplex': 0.09475924243757959, 'departamentos': 0.14191678335803742, 'otras_viviendas': 0.0010589232977483993}"
1412000015444,884,882,"{'casas_unicas': 668.1579109039899, 'casas_compartidas_duplex': 114.82351299167844, 'departamentos': 96.35297886499417, 'otras_viviendas': 4.72862351549691}","{'casas_unicas': 0.7558347408416175, 'casas_compartidas_duplex': 0.12989085180054122, 'departamentos': 0.108996582426464, 'otras_viviendas': 0.0053491216238652824}"
1412000015459,1369,1366,"{'casas_unicas': 1048.1587891736372, 'casas_compartidas_duplex': 131.3232325061648, 'departamentos': 185.23847865793866, 'otras_viviendas': 4.28428493434661}","{'casas_unicas': 0.7656382682057248, 'casas_compartidas_duplex': 0.09592639335731541, 'departamentos': 0.13530933430090478, 'otras_viviendas': 0.0031294995868127173}"
1412000015478,673,673,"{'casas_unicas': 513.9105661701767, 'casas_compartidas_duplex': 74.72640325537179, 'departamentos': 83.16219894772948, 'otras_viviendas': 1.200751368914245}","{'casas_unicas': 0.7636115396287916, 'casas_compartidas_duplex': 0.11103477452506953, 'departamentos': 0.12356938922396654, 'otras_viviendas': 0.001784177368371835}"
1412000015497,1879,1879,"{'casas_unicas': 1425.8248165400846, 'casas_compartidas_duplex': 185.714157479892, 'departamentos': 264.9885482112492, 'otras_viviendas': 2.4786486977979045}","{'casas_unicas': 0.7588210838425145, 'casas_compartidas_duplex': 0.0988366990313422, 'departamentos': 0.1410263694578229, 'otras_viviendas': 0.0013191318242671125}"
1412000015533,1601,1599,"{'casas_unicas': 1135.5842317926051, 'casas_compartidas_duplex': 324.3788865480152, 'departamentos': 127.23837126228864, 'otras_viviendas': 13.796458865333163}","{'casas_unicas': 0.7092968343489101, 'casas_compartidas_duplex': 0.2026101727345504, 'departamentos': 0.07947431059480864, 'otras_viviendas': 0.008617400915261189}"
1412000015548,867,866,"{'casas_unicas': 610.1753049892404, 'casas_compartidas_duplex': 178.16941045310045, 'departamentos': 70.71489471925383, 'otras_viviendas': 7.945655435261469}","{'casas_unicas': 0.7037777450856291, 'casas_compartidas_duplex': 0.2055010501189163, 'departamentos': 0.08156273900721318, 'otras_viviendas': 0.009164539141016689}"
1412000015552,931,925,"{'casas_unicas': 681.0490719604535, 'casas_compartidas_duplex': 161.72786207692883, 'departamentos': 77.99964634537085, 'otras_viviendas': 10.233222494994376}","{'casas_unicas': 0.7315242448554817, 'casas_compartidas_duplex': 0.1737141375692039, 'departamentos': 0.08378050090802454, 'otras_viviendas': 0.010991646074107814}"
1412000015800,1005,1003,"{'casas_unicas': 761.1763110112913, 'casas_compartidas_duplex': 133.284451561163, 'departamentos': 106.02728924852761, 'otras_viviendas': 4.512008225208264}","{'casas_unicas': 0.7573893641903396, 'casas_compartidas_duplex': 0.1326213448369781, 'departamentos': 0.1054997902970424, 'otras_viviendas': 0.0044895604230928005}"
141200001582A,1102,1102,"{'casas_unicas': 867.2236859546954, 'casas_compartidas_duplex': 105.00606813961926, 'departamentos': 127.96801224663852, 'otras_viviendas': 1.9383397156446727}","{'casas_unicas': 0.786954342971593, 'casas_compartidas_duplex': 0.09528681319384688, 'departamentos': 0.11612342309132352, 'otras_viviendas': 0.0017589289615650386}"
1412000015849,1539,1539,"{'casas_unicas': 1202.1227595391447, 'casas_compartidas_duplex': 150.53153489302363, 'departamentos': 184.700939174452, 'otras_viviendas': 1.638103496208518}","{'casas_unicas': 0.7811064064581836, 'casas_compartidas_duplex': 0.097811263738157, 'departamentos': 0.12001360570139831, 'otras_viviendas': 0.0010643947343785042}"
1412000015942,1680,1679,"{'casas_unicas': 1343.9011772766871, 'casas_compartidas_duplex': 135.98400433360086, 'departamentos': 198.18536870369059, 'otras_viviendas': 1.928987398901147}","{'casas_unicas': 0.799941176950409, 'casas_compartidas_duplex': 0.08094285972238147, 'departamentos': 0.1179674813712444, 'otras_viviendas': 0.0011482067850602067}"
1412000016033,542,542,"{'casas_unicas': 425.4647232895344, 'casas_compartidas_duplex': 49.73538532933778, 'departamentos': 66.24778095207925, 'otras_viviendas': 0.5541804411721907}","{'casas_unicas': 0.7849902643718347, 'casas_compartidas_duplex': 0.0917627035596638, 'departamentos': 0.12222837814036763, 'otras_viviendas': 0.0010224731386940787}"
1412000016048,707,707,"{'casas_unicas': 559.9670604282388, 'casas_compartidas_duplex': 59.13643025973091, 'departamentos': 87.65217359612087, 'otras_viviendas': 0.23359041896676044}","{'casas_unicas': 0.7920326172959531, 'casas_compartidas_duplex': 0.0836441729274836, 'departamentos': 0.12397761470455569, 'otras_viviendas': 0.0003303966322019243}"
1412000016067,631,631,"{'casas_unicas': 486.5935905413865, 'casas_compartidas_duplex': 63.92952159889976, 'departamentos': 79.93203829852335, 'otras_viviendas': 0.5255201381014746}","{'casas_unicas': 0.7711467361987108, 'casas_compartidas_duplex': 0.10131461426133084, 'departamentos': 0.12667517955391974, 'otras_viviendas': 0.000832836985897741}"
1412000016071,781,781,"{'casas_unicas': 614.609114690532, 'casas_compartidas_duplex': 67.4330740146849, 'departamentos': 98.54768726520368, 'otras_viviendas': 0.41815905974760004}","{'casas_unicas': 0.7869514912810909, 'casas_compartidas_duplex': 0.08634196416733023, 'departamentos': 0.1261814177531417, 'otras_viviendas': 0.0005354149292542894}"
1412000016103,115,115,"{'casas_unicas': 85.85801090883051, 'casas_compartidas_duplex': 20.091049184124362, 'departamentos': 8.498733572175267, 'otras_viviendas': 0.5525730639332092}","{'casas_unicas': 0.7465913992072218, 'casas_compartidas_duplex': 0.1747047755141249, 'departamentos': 0.07390203106239362, 'otras_viviendas': 0.004804983164636602}"
1412000016141,352,352,"{'casas_unicas': 273.6674212265174, 'casas_compartidas_duplex': 29.83013741101147, 'departamentos': 48.286328612966614, 'otras_viviendas': 0.21645430741298582}","{'casas_unicas': 0.7774642648480607, 'casas_compartidas_duplex': 0.08474470855400985, 'departamentos': 0.1371770699232006, 'otras_viviendas': 0.0006149270096959824}"
1412000016175,729,728,"{'casas_unicas': 562.9470802522704, 'casas_compartidas_duplex': 69.10713883306613, 'departamentos': 94.99714927008769, 'otras_viviendas': 1.9466631973218018}","{'casas_unicas': 0.7722182170813038, 'casas_compartidas_duplex': 0.09479717261051596, 'departamentos': 0.13031159021959904, 'otras_viviendas': 0.002670319886586834}"
1412000016300,1370,1369,"{'casas_unicas': 1037.1622800725763, 'casas_compartidas_duplex': 153.44192444477747, 'departamentos': 175.4409044049038, 'otras_viviendas': 3.948628934546294}","{'casas_unicas': 0.757052759177063, 'casas_compartidas_duplex': 0.11200140470421713, 'departamentos': 0.12805905431014875, 'otras_viviendas': 0.0028822109011286817}"
1412000016391,929,926,"{'casas_unicas': 664.2093879299823, 'casas_compartidas_duplex': 193.7076328480929, 'departamentos': 60.70068569387709, 'otras_viviendas': 10.383487747133326}","{'casas_unicas': 0.714972430495137, 'casas_compartidas_duplex': 0.20851198369008925, 'departamentos': 0.06533981237231118, 'otras_viviendas': 0.011177058931252235}"
1412000016438,1068,1068,"{'casas_unicas': 819.1647290808193, 'casas_compartidas_duplex': 100.44761211569597, 'departamentos': 147.10006585492513, 'otras_viviendas': 1.2899030279883408}","{'casas_unicas': 0.7670081732966473, 'casas_compartidas_duplex': 0.09405207126937826, 'departamentos': 0.13773414405891868, 'otras_viviendas': 0.0012077743707756}"
1412000016508,1231,1231,"{'casas_unicas': 913.5961005330353, 'casas_compartidas_duplex': 180.41545417021203, 'departamentos': 132.12190662335288, 'otras_viviendas': 4.86084002264906}","{'casas_unicas': 0.7421576771186315, 'casas_compartidas_duplex': 0.14656007649895372, 'departamentos': 0.10732892495804458, 'otras_viviendas': 0.003948692138626369}"
1412000016512,1300,1300,"{'casas_unicas': 1001.2231848133947, 'casas_compartidas_duplex': 145.77641583756588, 'departamentos': 150.15960810483264, 'otras_viviendas': 2.851548815183744}","{'casas_unicas': 0.7701716806256882, 'casas_compartidas_duplex': 0.11213570449043529, 'departamentos': 0.11550739084987126, 'otras_viviendas': 0.00219349908860288}"
1412000016531,1167,1167,"{'casas_unicas': 851.2968406168334, 'casas_compartidas_duplex': 200.56888763042414, 'departamentos': 110.1139439608188, 'otras_viviendas': 5.060713560328204}","{'casas_unicas': 0.7294745849330192, 'casas_compartidas_duplex': 0.17186708451621607, 'departamentos': 0.09435642156025605, 'otras_viviendas': 0.004336515475859643}"
1412000016546,1497,1495,"{'casas_unicas': 1101.7309326541993, 'casas_compartidas_duplex': 248.97730280216106, 'departamentos': 137.69283230118407, 'otras_viviendas': 8.58580014957274}","{'casas_unicas': 0.7359592068498325, 'casas_compartidas_duplex': 0.16631750354185776, 'departamentos': 0.09197917989391054, 'otras_viviendas': 0.005735337441264356}"
1412000016550,858,857,"{'casas_unicas': 667.2847516563247, 'casas_compartidas_duplex': 80.34938280749274, 'departamentos': 108.30711905036611, 'otras_viviendas': 2.0593993387625096}","{'casas_unicas': 0.7777211557766023, 'casas_compartidas_duplex': 0.09364729930943211, 'departamentos': 0.12623207348527518, 'otras_viviendas': 0.0024002323295600346}"
1412000016565,812,812,"{'casas_unicas': 644.6482845871974, 'casas_compartidas_duplex': 69.81153337292565, 'departamentos': 96.4854803320507, 'otras_viviendas': 1.0320548208791482}","{'casas_unicas': 0.7939018283093564, 'casas_compartidas_duplex': 0.08597479479424341, 'departamentos': 0.11882448316755012, 'otras_viviendas': 0.0012710034739890988}"
141200001657A,919,919,"{'casas_unicas': 719.5973226278606, 'casas_compartidas_duplex': 80.81981000698819, 'departamentos': 117.28135956879302, 'otras_viviendas': 1.3036864909742216}","{'casas_unicas': 0.7830221138496851, 'casas_compartidas_duplex': 0.08794321001848551, 'departamentos': 0.12761845437300656, 'otras_viviendas': 0.0014185924820176515}"
1412000016584,505,505,"{'casas_unicas': 372.9474472110444, 'casas_compartidas_duplex': 82.3328742259206, 'departamentos': 47.105694309544084, 'otras_viviendas': 2.615705136757704}","{'casas_unicas': 0.7385097964575137, 'casas_compartidas_duplex': 0.16303539450677348, 'departamentos': 0.09327860259315661, 'otras_viviendas': 0.005179614132193473}"
1412000016620,766,766,"{'casas_unicas': 576.545127989291, 'casas_compartidas_duplex': 106.38918936143466, 'departamentos': 80.47267859211945, 'otras_viviendas': 2.5823881041167107}","{'casas_unicas': 0.752669879881581, 'casas_compartidas_duplex': 0.13888928115069799, 'departamentos': 0.10505571617770164, 'otras_viviendas': 0.0033712638434944004}"
1412000016635,954,954,"{'casas_unicas': 706.2186702092897, 'casas_compartidas_duplex': 142.9687425072473, 'departamentos': 100.83398032358355, 'otras_viviendas': 3.9919344712392184}","{'casas_unicas': 0.7402711427770332, 'casas_compartidas_duplex': 0.14986241352960933, 'departamentos': 0.10569599614631399, 'otras_viviendas': 0.0041844176847371265}"
1412000016724,855,854,"{'casas_unicas': 657.1879317278967, 'casas_compartidas_duplex': 94.46699177065405, 'departamentos': 100.75008680181693, 'otras_viviendas': 2.5967682324748957}","{'casas_unicas': 0.7686408558221014, 'casas_compartidas_duplex': 0.11048770967327959, 'departamentos': 0.11783635883253443, 'otras_viviendas': 0.0030371558274560184}"
1412000016809,643,643,"{'casas_unicas': 515.7047410492764, 'casas_compartidas_duplex': 51.588497165885855, 'departamentos': 75.4667589046202, 'otras_viviendas': 0.23938788693160257}","{'casas_unicas': 0.8020291462663708, 'casas_compartidas_duplex': 0.08023094427042901, 'departamentos': 0.11736665459505476, 'otras_viviendas': 0.0003722984244659449}"
1412000016832,1728,1728,"{'casas_unicas': 1327.642854860699, 'casas_compartidas_duplex': 202.61098074897555, 'departamentos': 193.8465476594714, 'otras_viviendas': 3.9012277842387215}","{'casas_unicas': 0.7683118373036452, 'casas_compartidas_duplex': 0.11725172497047197, 'departamentos': 0.11217971508071262, 'otras_viviendas': 0.0022576549677307415}"
1412000016847,532,532,"{'casas_unicas': 386.51397712423125, 'casas_compartidas_duplex': 92.86686334947098, 'departamentos': 49.829254288496465, 'otras_viviendas': 2.7712504247289336}","{'casas_unicas': 0.7265300321884046, 'casas_compartidas_duplex': 0.1745617732132913, 'departamentos': 0.09366401182048208, 'otras_viviendas': 0.005209117339716041}"
1412000016866,216,216,"{'casas_unicas': 156.7916571497515, 'casas_compartidas_duplex': 40.54115060713756, 'departamentos': 17.184660560541236, 'otras_viviendas': 1.4843983603131967}","{'casas_unicas': 0.7258873016192199, 'casas_compartidas_duplex': 0.1876905120700813, 'departamentos': 0.07955861370620942, 'otras_viviendas': 0.0068722146310796145}"
1412000016885,1550,1550,"{'casas_unicas': 1162.9305368184826, 'casas_compartidas_duplex': 227.47562909786495, 'departamentos': 152.973530774628, 'otras_viviendas': 6.597410313642241}","{'casas_unicas': 0.7502777656893436, 'casas_compartidas_duplex': 0.14675847038571932, 'departamentos': 0.09869260049975999, 'otras_viviendas': 0.00425639375073693}"
141200001689A,1095,1095,"{'casas_unicas': 820.4320360296349, 'casas_compartidas_duplex': 167.13627050308844, 'departamentos': 102.74628741499147, 'otras_viviendas': 4.834112572977391}","{'casas_unicas': 0.7492530009403059, 'casas_compartidas_duplex': 0.15263586347314012, 'departamentos': 0.0938322259497639, 'otras_viviendas': 0.004414714678518165}"
1412000016902,1512,1511,"{'casas_unicas': 1145.5771953428725, 'casas_compartidas_duplex': 169.0213408586083, 'departamentos': 193.57189368737804, 'otras_viviendas': 3.8412026941204287}","{'casas_unicas': 0.7576568752267675, 'casas_compartidas_duplex': 0.11178660109696317, 'departamentos': 0.12802373921122887, 'otras_viviendas': 0.0025404779723018707}"
1412000016921,439,439,"{'casas_unicas': 339.8181883790694, 'casas_compartidas_duplex': 43.45410304147905, 'departamentos': 55.357460692639876, 'otras_viviendas': 0.3673376425902318}","{'casas_unicas': 0.7740733220479941, 'casas_compartidas_duplex': 0.09898428938833496, 'departamentos': 0.12609899929986304, 'otras_viviendas': 0.0008367600059003003}"
1412000017008,560,560,"{'casas_unicas': 428.25522101164876, 'casas_compartidas_duplex': 51.33436492003957, 'departamentos': 80.05912096943236, 'otras_viviendas': 0.34689297184999646}","{'casas_unicas': 0.7647414660922299, 'casas_compartidas_duplex': 0.09166850878578495, 'departamentos': 0.1429627160168435, 'otras_viviendas': 0.0006194517354464222}"
1412000017012,1412,1412,"{'casas_unicas': 1044.2747544114177, 'casas_compartidas_duplex': 129.24358254544993, 'departamentos': 237.0575905242724, 'otras_viviendas': 1.4248037072842148}","{'casas_unicas': 0.7395713558154516, 'casas_compartidas_duplex': 0.09153228225598437, 'departamentos': 0.16788781198602862, 'otras_viviendas': 0.0010090677813627583}"
1412000017031,398,398,"{'casas_unicas': 308.38364459673863, 'casas_compartidas_duplex': 39.50394111944111, 'departamentos': 49.57125937936919, 'otras_viviendas': 0.5423044809850176}","{'casas_unicas': 0.7748332778812529, 'casas_compartidas_duplex': 0.09925613346593243, 'departamentos': 0.12455090296323916, 'otras_viviendas': 0.0013625740728266775}"
1412000017050,141,141,"{'casas_unicas': 112.01519341872287, 'casas_compartidas_duplex': 11.38514196229529, 'departamentos': 17.56041246587191, 'otras_viviendas': 0.038875565547188046}","{'casas_unicas': 0.7944339958774672, 'casas_compartidas_duplex': 0.08074568767585312, 'departamentos': 0.12454193238207029, 'otras_viviendas': 0.0002757132308311209}"
141200001707A,201,201,"{'casas_unicas': 157.24631327171954, 'casas_compartidas_duplex': 18.440930413464645, 'departamentos': 25.0679223107205, 'otras_viviendas': 0.24441011391590664}","{'casas_unicas': 0.7823199665259679, 'casas_compartidas_duplex': 0.09174592245504799, 'departamentos': 0.12471603139661941, 'otras_viviendas': 0.0012159707159995355}"
1412000017116,379,379,"{'casas_unicas': 295.0486681112284, 'casas_compartidas_duplex': 33.73074613737584, 'departamentos': 49.66228194883629, 'otras_viviendas': 0.5715642686866945}","{'casas_unicas': 0.7784925279979641, 'casas_compartidas_duplex': 0.08899933017777266, 'departamentos': 0.13103504471988467, 'otras_viviendas': 0.0015080851416535476}"
1412000017120,632,632,"{'casas_unicas': 485.6315055072483, 'casas_compartidas_duplex': 65.66667023292473, 'departamentos': 79.87544091111796, 'otras_viviendas': 0.8244890882213312}","{'casas_unicas': 0.7684042808658992, 'casas_compartidas_duplex': 0.10390295922931128, 'departamentos': 0.12638519131506007, 'otras_viviendas': 0.0013045713421223593}"
1412000017135,263,263,"{'casas_unicas': 206.3896461652031, 'casas_compartidas_duplex': 22.890815159465948, 'departamentos': 33.357894841494826, 'otras_viviendas': 0.36921842705566105}","{'casas_unicas': 0.7847515063315706, 'casas_compartidas_duplex': 0.08703731999796939, 'departamentos': 0.12683610205891568, 'otras_viviendas': 0.0014038723462192436}"
1412000017309,442,442,"{'casas_unicas': 310.4084230833739, 'casas_compartidas_duplex': 103.6743738613466, 'departamentos': 24.546757443479226, 'otras_viviendas': 3.3676824852441283}","{'casas_unicas': 0.7022815001886288, 'casas_compartidas_duplex': 0.2345574069261235, 'departamentos': 0.055535650324613633, 'otras_viviendas': 0.007619191143086263}"
1412000017366,441,441,"{'casas_unicas': 343.3601165424941, 'casas_compartidas_duplex': 37.5389005391753, 'departamentos': 59.68573098409298, 'otras_viviendas': 0.41636466439392766}","{'casas_unicas': 0.7785943685770841, 'casas_compartidas_duplex': 0.08512222344484195, 'departamentos': 0.13534179361472332, 'otras_viviendas': 0.000944137560983963}"
141200001739A,571,571,"{'casas_unicas': 439.9886289929481, 'casas_compartidas_duplex': 50.92135437628673, 'departamentos': 79.29363821897253, 'otras_viviendas': 0.7969762279408921}","{'casas_unicas': 0.7705580192520983, 'casas_compartidas_duplex': 0.08917925459945136, 'departamentos': 0.1388680178966244, 'otras_viviendas': 0.001395755215308042}"
141200034,722,722,"{'casas_unicas': 531.2316474453071, 'casas_compartidas_duplex': 127.68987983353593, 'departamentos': 59.416779525536, 'otras_viviendas': 3.6632204572142593}","{'casas_unicas': 0.7357779050489018, 'casas_compartidas_duplex': 0.17685578924312456, 'departamentos': 0.08229470848412189, 'otras_viviendas': 0.005073712544618088}"
1412000620161,913,913,"{'casas_unicas': 661.9900517761031, 'casas_compartidas_duplex': 154.19887480794165, 'departamentos': 93.82922373453627, 'otras_viviendas': 2.9844857450029907}","{'casas_unicas': 0.7250712505762356, 'casas_compartidas_duplex': 0.16889252443367103, 'departamentos': 0.10277023410135408, 'otras_viviendas': 0.0032688781434862986}"
1412000620176,1560,1560,"{'casas_unicas': 1132.7284243778406, 'casas_compartidas_duplex': 273.9046959099282, 'departamentos': 147.16905511635935, 'otras_viviendas': 6.1996932537614216}","{'casas_unicas': 0.7261079643447697, 'casas_compartidas_duplex': 0.17557993327559498, 'departamentos': 0.09433913789510215, 'otras_viviendas': 0.0039741623421547575}"
1412000620180,778,778,"{'casas_unicas': 564.7281258840999, 'casas_compartidas_duplex': 141.41140961344067, 'departamentos': 68.4371206663226, 'otras_viviendas': 3.4121650936359433}","{'casas_unicas': 0.7258716271003854, 'casas_compartidas_duplex': 0.1817627372923402, 'departamentos': 0.08796545072792109, 'otras_viviendas': 0.004385816315727434}"
141200068,1171,1171,"{'casas_unicas': 878.0759657784959, 'casas_compartidas_duplex': 174.3191028598858, 'departamentos': 114.99845384233612, 'otras_viviendas': 3.594425707990011}","{'casas_unicas': 0.7498513798279213, 'casas_compartidas_duplex': 0.14886345248495797, 'departamentos': 0.09820534059977465, 'otras_viviendas': 0.003069535190426995}"
141200123,2749,2747,"{'casas_unicas': 2087.0805663789174, 'casas_compartidas_duplex': 314.13997933682134, 'departamentos': 341.66833471623556, 'otras_viviendas': 6.0976546745558595}","{'casas_unicas': 0.7592144657617015, 'casas_compartidas_duplex': 0.11427427404031333, 'departamentos': 0.12428822652464007, 'otras_viviendas': 0.002218135567317519}"
1412001395980,626,626,"{'casas_unicas': 468.499526991935, 'casas_compartidas_duplex': 100.34177930560453, 'departamentos': 54.404350270409466, 'otras_viviendas': 2.753477695182035}","{'casas_unicas': 0.7484018003066054, 'casas_compartidas_duplex': 0.16029038227732353, 'departamentos': 0.08690790778020681, 'otras_viviendas': 0.004398526669619864}"
1412001395995,257,257,"{'casas_unicas': 191.4080394707292, 'casas_compartidas_duplex': 43.61185362193292, 'departamentos': 21.094210222473492, 'otras_viviendas': 0.8855311867604372}","{'casas_unicas': 0.7447783636993354, 'casas_compartidas_duplex': 0.16969592849001136, 'departamentos': 0.08207863899795133, 'otras_viviendas': 0.0034456466410911954}"
141200142,1360,1350,"{'casas_unicas': 999.0296450620247, 'casas_compartidas_duplex': 223.13789717786375, 'departamentos': 121.79204670381522, 'otras_viviendas': 16.024838980189152}","{'casas_unicas': 0.7345806213691358, 'casas_compartidas_duplex': 0.16407198321901748, 'departamentos': 0.0895529755175112, 'otras_viviendas': 0.011782969838374376}"
141200157,368,368,"{'casas_unicas': 264.7193586500798, 'casas_compartidas_duplex': 67.51732237194001, 'departamentos': 33.954183012712086, 'otras_viviendas': 1.7734892004138139}","{'casas_unicas': 0.7193460832882603, 'casas_compartidas_duplex': 0.18347098470635873, 'departamentos': 0.0922668016649785, 'otras_viviendas': 0.004819264131559277}"
141200206504A,346,346,"{'casas_unicas': 234.6934211680544, 'casas_compartidas_duplex': 79.49582458840437, 'departamentos': 28.92592954080846, 'otras_viviendas': 2.8884593915803745}","{'casas_unicas': 0.6783046854568047, 'casas_compartidas_duplex': 0.22975671846359647, 'departamentos': 0.08360095243008225, 'otras_viviendas': 0.008348148530579117}"
1412002065054,449,448,"{'casas_unicas': 312.92608709799356, 'casas_compartidas_duplex': 95.81400458363684, 'departamentos': 35.44104299811253, 'otras_viviendas': 4.828647007874849}","{'casas_unicas': 0.6969400603518787, 'casas_compartidas_duplex': 0.21339421956266558, 'departamentos': 0.0789332806194043, 'otras_viviendas': 0.010754224961859352}"
1412002312026,838,837,"{'casas_unicas': 615.9810977120461, 'casas_compartidas_duplex': 143.64229232442003, 'departamentos': 72.91446680818386, 'otras_viviendas': 5.463450485195865}","{'casas_unicas': 0.7350609757900312, 'casas_compartidas_duplex': 0.17141085002914083, 'departamentos': 0.08701010358971821, 'otras_viviendas': 0.006519630650591724}"
141200231205A,1123,1121,"{'casas_unicas': 847.0407531933872, 'casas_compartidas_duplex': 155.56027983830077, 'departamentos': 115.33897443229284, 'otras_viviendas': 5.053243547463968}","{'casas_unicas': 0.7542660313387242, 'casas_compartidas_duplex': 0.13852206575093567, 'departamentos': 0.10270612148912987, 'otras_viviendas': 0.004499771636210122}"
1412002312079,456,452,"{'casas_unicas': 335.29728326854894, 'casas_compartidas_duplex': 85.11105045510185, 'departamentos': 29.745635822602235, 'otras_viviendas': 5.843561364523497}","{'casas_unicas': 0.7353010597994494, 'casas_compartidas_duplex': 0.18664704047171457, 'departamentos': 0.06523165750570666, 'otras_viviendas': 0.0128148275537796}"
1412002313823,1151,1151,"{'casas_unicas': 860.1604985271055, 'casas_compartidas_duplex': 180.16144556259397, 'departamentos': 105.7216689175338, 'otras_viviendas': 4.952353158984049}","{'casas_unicas': 0.747315811057433, 'casas_compartidas_duplex': 0.156526016996172, 'departamentos': 0.09185201469811799, 'otras_viviendas': 0.004302652614234621}"
1412002313838,833,833,"{'casas_unicas': 629.3450006816245, 'casas_compartidas_duplex': 113.96391436320901, 'departamentos': 86.71718269409291, 'otras_viviendas': 2.9815806702997003}","{'casas_unicas': 0.7555162073008697, 'casas_compartidas_duplex': 0.13681142180457265, 'departamentos': 0.10410226013696629, 'otras_viviendas': 0.00357932853577395}"
1412002314145,1502,1501,"{'casas_unicas': 1094.7885349045855, 'casas_compartidas_duplex': 283.0483498514904, 'departamentos': 115.19822877792772, 'otras_viviendas': 8.963530432505948}","{'casas_unicas': 0.728887173704784, 'casas_compartidas_duplex': 0.18844763638581252, 'departamentos': 0.07669655710913963, 'otras_viviendas': 0.005967729981695038}"
141200231415A,610,610,"{'casas_unicas': 443.9908925344829, 'casas_compartidas_duplex': 111.08091243887495, 'departamentos': 52.11523889798451, 'otras_viviendas': 2.795852925258603}","{'casas_unicas': 0.7278539221876769, 'casas_compartidas_duplex': 0.18209985645717205, 'departamentos': 0.08543481786554838, 'otras_viviendas': 0.004583365451243612}"
1412002314164,991,990,"{'casas_unicas': 717.5321129999774, 'casas_compartidas_duplex': 184.01208605915534, 'departamentos': 84.08052961183827, 'otras_viviendas': 5.357260327458839}","{'casas_unicas': 0.7240485499495231, 'casas_compartidas_duplex': 0.18568323517573698, 'departamentos': 0.08484412675261178, 'otras_viviendas': 0.00540591354940347}"
1412002314179,1867,1862,"{'casas_unicas': 1347.1050475219188, 'casas_compartidas_duplex': 340.44023293058126, 'departamentos': 162.1392750879578, 'otras_viviendas': 16.89055530904934}","{'casas_unicas': 0.7215345728558751, 'casas_compartidas_duplex': 0.18234613440309655, 'departamentos': 0.0868448179367744, 'otras_viviendas': 0.009046896255516518}"
1412002315618,280,280,"{'casas_unicas': 214.78476333343824, 'casas_compartidas_duplex': 33.846757563536, 'departamentos': 30.7978151878233, 'otras_viviendas': 0.5440585901094713}","{'casas_unicas': 0.7670884404765651, 'casas_compartidas_duplex': 0.12088127701262857, 'departamentos': 0.10999219709936893, 'otras_viviendas': 0.0019430663932481118}"
1412002315726,1676,1676,"{'casas_unicas': 1298.8013756862406, 'casas_compartidas_duplex': 176.33673380883891, 'departamentos': 198.45756745107863, 'otras_viviendas': 2.405474228335536}","{'casas_unicas': 0.7749411549440577, 'casas_compartidas_duplex': 0.10521284833462942, 'departamentos': 0.1184114364266579, 'otras_viviendas': 0.0014352471529448306}"
1412002315779,794,792,"{'casas_unicas': 577.781459932406, 'casas_compartidas_duplex': 156.16026283579583, 'departamentos': 54.13535412080336, 'otras_viviendas': 5.920429733159541}","{'casas_unicas': 0.7276844583531562, 'casas_compartidas_duplex': 0.19667539399974288, 'departamentos': 0.06818054675164152, 'otras_viviendas': 0.007456460621107734}"
1412002315872,1080,1080,"{'casas_unicas': 809.0523573814389, 'casas_compartidas_duplex': 161.5248227983956, 'departamentos': 105.57315300592519, 'otras_viviendas': 3.8585743602396345}","{'casas_unicas': 0.749122553130962, 'casas_compartidas_duplex': 0.14956002110962555, 'departamentos': 0.09775291944993074, 'otras_viviendas': 0.003572754037258921}"
1412002316230,1002,1001,"{'casas_unicas': 710.4350101646972, 'casas_compartidas_duplex': 180.78103763200633, 'departamentos': 101.94378141747985, 'otras_viviendas': 8.855761616373545}","{'casas_unicas': 0.7090169762122727, 'casas_compartidas_duplex': 0.18042019723753128, 'departamentos': 0.10174030081584816, 'otras_viviendas': 0.00883808544548258}"
1412002316264,401,401,"{'casas_unicas': 295.78141437276736, 'casas_compartidas_duplex': 52.52004992758856, 'departamentos': 52.3124434439672, 'otras_viviendas': 0.403820739295133}","{'casas_unicas': 0.7376095121515396, 'casas_compartidas_duplex': 0.13097269308625575, 'departamentos': 0.1304549711819631, 'otras_viviendas': 0.0010070342625813791}"
1412002316669,404,404,"{'casas_unicas': 310.131050750989, 'casas_compartidas_duplex': 48.90934830711157, 'departamentos': 43.566107127136824, 'otras_viviendas': 1.3629942510788127}","{'casas_unicas': 0.7676511157202698, 'casas_compartidas_duplex': 0.12106274333443458, 'departamentos': 0.1078368988295466, 'otras_viviendas': 0.0033737481462346847}"
141200231696A,411,411,"{'casas_unicas': 327.92427349081174, 'casas_compartidas_duplex': 41.13192910872406, 'departamentos': 41.608141005585466, 'otras_viviendas': 0.33597836808394943}","{'casas_unicas': 0.797869278566452, 'casas_compartidas_duplex': 0.10007768639592228, 'departamentos': 0.10123635281164348, 'otras_viviendas': 0.0008174656157760327}"
1412002316989,763,763,"{'casas_unicas': 574.044124249253, 'casas_compartidas_duplex': 96.77815168140144, 'departamentos': 89.71682458156045, 'otras_viviendas': 2.431105008962314}","{'casas_unicas': 0.7523514079282476, 'casas_compartidas_duplex': 0.1268389930293597, 'departamentos': 0.11758430482511198, 'otras_viviendas': 0.0031862450969361916}"
1412002434709,886,885,"{'casas_unicas': 661.8336136766089, 'casas_compartidas_duplex': 136.20210439218863, 'departamentos': 82.66761351116146, 'otras_viviendas': 5.290043955977753}","{'casas_unicas': 0.7469905346237121, 'casas_compartidas_duplex': 0.15372698012662372, 'departamentos': 0.09330430418866982, 'otras_viviendas': 0.0059707042392525425}"
1412002434713,604,604,"{'casas_unicas': 431.93903471488863, 'casas_compartidas_duplex': 115.50455431506691, 'departamentos': 53.90108776317752, 'otras_viviendas': 2.653676809743026}","{'casas_unicas': 0.7151308521769679, 'casas_compartidas_duplex': 0.19123270581964721, 'departamentos': 0.08924021152843961, 'otras_viviendas': 0.004393504651892427}"
1412004306940,1108,1108,"{'casas_unicas': 832.9025622464657, 'casas_compartidas_duplex': 149.8549878867005, 'departamentos': 121.59444482843571, 'otras_viviendas': 3.6468277361625985}","{'casas_unicas': 0.7517171139408535, 'casas_compartidas_duplex': 0.1352481840132676, 'departamentos': 0.10974227872602502, 'otras_viviendas': 0.0032913607727099265}"
1412004306955,1069,1069,"{'casas_unicas': 811.2212535387074, 'casas_compartidas_duplex': 140.14325512384545, 'departamentos': 115.50143288593176, 'otras_viviendas': 2.1355015855153976}","{'casas_unicas': 0.7588599191194644, 'casas_compartidas_duplex': 0.1310975258408283, 'departamentos': 0.10804624217580146, 'otras_viviendas': 0.001997662848938632}"
1412004307421,1520,1520,"{'casas_unicas': 1159.8117030411222, 'casas_compartidas_duplex': 178.18862804316285, 'departamentos': 178.9021665276651, 'otras_viviendas': 3.0643224498052213}","{'casas_unicas': 0.763034015158633, 'casas_compartidas_duplex': 0.1172293605547124, 'departamentos': 0.11769879376820072, 'otras_viviendas': 0.0020160016117139615}"
1412007500301,1333,1333,"{'casas_unicas': 1035.1716768674714, 'casas_compartidas_duplex': 131.65318964813844, 'departamentos': 164.12523779684503, 'otras_viviendas': 1.9433677483791947}","{'casas_unicas': 0.7765729008758225, 'casas_compartidas_duplex': 0.09876458338194931, 'departamentos': 0.12312470952501503, 'otras_viviendas': 0.0014578902838553599}"
1412007500316,944,944,"{'casas_unicas': 727.0269111644328, 'casas_compartidas_duplex': 85.81378244290093, 'departamentos': 130.13201415928197, 'otras_viviendas': 1.0313308005462631}","{'casas_unicas': 0.7701556262335093, 'casas_compartidas_duplex': 0.09090443055392047, 'departamentos': 0.1378517099144936, 'otras_viviendas': 0.0010925114412566347}"
1412007530320,931,931,"{'casas_unicas': 702.040339598392, 'casas_compartidas_duplex': 108.83846485656112, 'departamentos': 118.38440334973112, 'otras_viviendas': 1.713994894291204}","{'casas_unicas': 0.7540712562818389, 'casas_compartidas_duplex': 0.11690490317568326, 'departamentos': 0.12715832798037713, 'otras_viviendas': 0.001841025665189263}"
1412007560424,858,858,"{'casas_unicas': 639.0638918506089, 'casas_compartidas_duplex': 113.96130649616076, 'departamentos': 102.92886478228816, 'otras_viviendas': 2.045495861006869}","{'casas_unicas': 0.7448297107815954, 'casas_compartidas_duplex': 0.1328220355433109, 'departamentos': 0.11996371186746872, 'otras_viviendas': 0.0023840278100313163}"
1412007570439,666,666,"{'casas_unicas': 492.85576088493116, 'casas_compartidas_duplex': 97.8172100314996, 'departamentos': 73.66673233959175, 'otras_viviendas': 1.6615203084865162}","{'casas_unicas': 0.7400236649923891, 'casas_compartidas_duplex': 0.14687268773498438, 'departamentos': 0.11061070921860623, 'otras_viviendas': 0.002494775237967742}"
1412007570462,435,435,"{'casas_unicas': 322.332109886542, 'casas_compartidas_duplex': 64.53598428945095, 'departamentos': 46.85044512827941, 'otras_viviendas': 1.2827924976652743}","{'casas_unicas': 0.7409933560610161, 'casas_compartidas_duplex': 0.14835858457345047, 'departamentos': 0.1077021727086883, 'otras_viviendas': 0.0029489482704948833}"
1412007580496,1014,1014,"{'casas_unicas': 728.6464888696671, 'casas_compartidas_duplex': 187.7989453697761, 'departamentos': 91.49424238039383, 'otras_viviendas': 6.07630826049045}","{'casas_unicas': 0.7185862809365553, 'casas_compartidas_duplex': 0.18520606052246164, 'departamentos': 0.09023100826468819, 'otras_viviendas': 0.0059924144580773666}"
1412007580509,1041,1041,"{'casas_unicas': 746.6772117315658, 'casas_compartidas_duplex': 189.221336237244, 'departamentos': 99.66753513001218, 'otras_viviendas': 5.393598415512064}","{'casas_unicas': 0.7172691755346453, 'casas_compartidas_duplex': 0.18176881482924495, 'departamentos': 0.0957421086743633, 'otras_viviendas': 0.005181170427965479}"
1412007580551,860,860,"{'casas_unicas': 622.1142794697078, 'casas_compartidas_duplex': 144.00815339983933, 'departamentos': 90.93777217185949, 'otras_viviendas': 2.937349077335618}","{'casas_unicas': 0.7233886970577997, 'casas_compartidas_duplex': 0.16745134116260388, 'departamentos': 0.10574159554867382, 'otras_viviendas': 0.0034155221829483932}"
1412007580566,1037,1037,"{'casas_unicas': 756.0483165241576, 'casas_compartidas_duplex': 179.2418395815702, 'departamentos': 96.32931274949269, 'otras_viviendas': 5.341130062270804}","{'casas_unicas': 0.7290726292421963, 'casas_compartidas_duplex': 0.17284651840074272, 'departamentos': 0.09289229773335843, 'otras_viviendas': 0.00515055936573848}"
1412007580693,1276,1275,"{'casas_unicas': 930.541063350091, 'casas_compartidas_duplex': 215.55837247173866, 'departamentos': 122.2557624484151, 'otras_viviendas': 7.6345919987812705}","{'casas_unicas': 0.7292641562304788, 'casas_compartidas_duplex': 0.16893289378662904, 'departamentos': 0.09581172605675164, 'otras_viviendas': 0.005983222569577798}"
1412007580744,1306,1306,"{'casas_unicas': 946.7082983487084, 'casas_compartidas_duplex': 233.82079751585798, 'departamentos': 117.84902824222979, 'otras_viviendas': 7.622111548849325}","{'casas_unicas': 0.724891499501308, 'casas_compartidas_duplex': 0.1790358327073951, 'departamentos': 0.09023662193126324, 'otras_viviendas': 0.005836226300803465}"
1412007580759,849,849,"{'casas_unicas': 632.2891469239697, 'casas_compartidas_duplex': 128.52715273884763, 'departamentos': 85.3961755652379, 'otras_viviendas': 2.8022089790394125}","{'casas_unicas': 0.7447457560941928, 'casas_compartidas_duplex': 0.1513865167713164, 'departamentos': 0.10058442351618127, 'otras_viviendas': 0.0033005995041689193}"
1412007580797,879,879,"{'casas_unicas': 639.2489386674101, 'casas_compartidas_duplex': 143.69382623581635, 'departamentos': 92.51763142770942, 'otras_viviendas': 3.5270480972370137}","{'casas_unicas': 0.7272456640129809, 'casas_compartidas_duplex': 0.16347420504643498, 'departamentos': 0.10525327807475474, 'otras_viviendas': 0.004012568938836193}"
141200758080A,1388,1384,"{'casas_unicas': 995.7555038934587, 'casas_compartidas_duplex': 254.00032773655136, 'departamentos': 128.57012175362865, 'otras_viviendas': 9.665819336110346}","{'casas_unicas': 0.7174031007877945, 'casas_compartidas_duplex': 0.1829973542770543, 'departamentos': 0.0926297707158708, 'otras_viviendas': 0.006963846783941172}"
1412007580829,852,852,"{'casas_unicas': 626.7022951662972, 'casas_compartidas_duplex': 139.80967037261541, 'departamentos': 81.82698142816686, 'otras_viviendas': 3.6361368630138986}","{'casas_unicas': 0.7355660741388464, 'casas_compartidas_duplex': 0.16409585724485376, 'departamentos': 0.09604105801428035, 'otras_viviendas': 0.004267766271143073}"
1412007580833,479,478,"{'casas_unicas': 347.3888143496105, 'casas_compartidas_duplex': 82.80949761749267, 'departamentos': 45.67921082838047, 'otras_viviendas': 3.120950173731745}","{'casas_unicas': 0.7252376082455334, 'casas_compartidas_duplex': 0.17287995327242728, 'departamentos': 0.09536369692772541, 'otras_viviendas': 0.006515553598604896}"
1412007630852,538,538,"{'casas_unicas': 400.3605306913474, 'casas_compartidas_duplex': 81.67166100613716, 'departamentos': 54.40791642504637, 'otras_viviendas': 1.5597928033446682}","{'casas_unicas': 0.744164555188378, 'casas_compartidas_duplex': 0.15180606134969732, 'departamentos': 0.10112995618038359, 'otras_viviendas': 0.002899243128893435}"
1412400010122,725,724,"{'casas_unicas': 553.3431952943959, 'casas_compartidas_duplex': 165.9639320310076, 'departamentos': 0.9654771097080505, 'otras_viviendas': 4.722368081353284}","{'casas_unicas': 0.7632319935095115, 'casas_compartidas_duplex': 0.22891576831863117, 'departamentos': 0.0013316925651145524, 'otras_viviendas': 0.0065136111466941845}"
1412400010137,753,753,"{'casas_unicas': 577.3163699705977, 'casas_compartidas_duplex': 171.66470087297344, 'departamentos': 0.7880411901123319, 'otras_viviendas': 3.231969187230514}","{'casas_unicas': 0.7666884063354552, 'casas_compartidas_duplex': 0.22797437034923432, 'departamentos': 0.0010465354450362972, 'otras_viviendas': 0.0042921237546221964}"
1412400010141,501,501,"{'casas_unicas': 397.54716488120346, 'casas_compartidas_duplex': 101.08909995560565, 'departamentos': 0.9278246929187206, 'otras_viviendas': 1.435342494396957}","{'casas_unicas': 0.7935073151321427, 'casas_compartidas_duplex': 0.2017746506099913, 'departamentos': 0.0018519454948477457, 'otras_viviendas': 0.002864955078636641}"
1412400010156,799,798,"{'casas_unicas': 618.5318234092133, 'casas_compartidas_duplex': 175.46348501631024, 'departamentos': 1.0120812706722433, 'otras_viviendas': 4.003953409914228}","{'casas_unicas': 0.7741324448175385, 'casas_compartidas_duplex': 0.21960386109675875, 'departamentos': 0.0012666849445209553, 'otras_viviendas': 0.005011205769604791}"
1412400010175,821,821,"{'casas_unicas': 634.3897717490702, 'casas_compartidas_duplex': 182.66213195231404, 'departamentos': 1.2281604094702057, 'otras_viviendas': 2.7197979833929877}","{'casas_unicas': 0.7727037414726798, 'casas_compartidas_duplex': 0.22248737144009018, 'departamentos': 0.0014959322892450738, 'otras_viviendas': 0.003312786825082811}"
141240001018A,1082,1082,"{'casas_unicas': 842.6895944131707, 'casas_compartidas_duplex': 234.44741150003466, 'departamentos': 1.4176073392525468, 'otras_viviendas': 3.4178933006806607}","{'casas_unicas': 0.7788258728402686, 'casas_compartidas_duplex': 0.21667967791130746, 'departamentos': 0.0013101731416382133, 'otras_viviendas': 0.0031588662668028287}"
1412400010211,748,747,"{'casas_unicas': 578.4342691948839, 'casas_compartidas_duplex': 163.83227906694222, 'departamentos': 0.9939478524713247, 'otras_viviendas': 4.736475217540642}","{'casas_unicas': 0.7733078465172244, 'casas_compartidas_duplex': 0.2190271110520618, 'departamentos': 0.0013288072894001666, 'otras_viviendas': 0.00633218611970674}"
1412400010226,331,331,"{'casas_unicas': 253.56481979894133, 'casas_compartidas_duplex': 75.6931475475885, 'departamentos': 0.3011184091297941, 'otras_viviendas': 1.4415359271464316}","{'casas_unicas': 0.7660568573986143, 'casas_compartidas_duplex': 0.22868020407126433, 'departamentos': 0.0009097232904223386, 'otras_viviendas': 0.004355093435487709}"
1412400010438,195,194,"{'casas_unicas': 150.48997007627474, 'casas_compartidas_duplex': 42.33965679459032, 'departamentos': 0.18302298713195073, 'otras_viviendas': 1.981426252411665}","{'casas_unicas': 0.7717434362885884, 'casas_compartidas_duplex': 0.21712644510046317, 'departamentos': 0.0009385794211894909, 'otras_viviendas': 0.01016116026877777}"
1412400010480,637,637,"{'casas_unicas': 488.93235789297603, 'casas_compartidas_duplex': 144.56671960422327, 'departamentos': 1.0178505603603802, 'otras_viviendas': 2.4787635327374002}","{'casas_unicas': 0.7675547219669954, 'casas_compartidas_duplex': 0.22694932433943998, 'departamentos': 0.0015978815704244588, 'otras_viviendas': 0.003891308528630142}"
1412400010495,982,981,"{'casas_unicas': 744.9562922426151, 'casas_compartidas_duplex': 230.70066652558575, 'departamentos': 1.2976502447922456, 'otras_viviendas': 5.0556836950699395}","{'casas_unicas': 0.7586112955627444, 'casas_compartidas_duplex': 0.234929395647236, 'departamentos': 0.0013214360944931217, 'otras_viviendas': 0.005148354068299327}"
1412400010512,489,489,"{'casas_unicas': 368.0788800624146, 'casas_compartidas_duplex': 117.822939309511, 'departamentos': 0.6100331065192746, 'otras_viviendas': 2.4707415489575584}","{'casas_unicas': 0.7527175461399072, 'casas_compartidas_duplex': 0.2409467061544192, 'departamentos': 0.00124751146527459, 'otras_viviendas': 0.005052641204412185}"
1412400010527,596,596,"{'casas_unicas': 463.4016895897808, 'casas_compartidas_duplex': 129.7705465605849, 'departamentos': 0.7475829268187842, 'otras_viviendas': 2.080104327946252}","{'casas_unicas': 0.7775196134056724, 'casas_compartidas_duplex': 0.2177358163768203, 'departamentos': 0.001254333769830175, 'otras_viviendas': 0.0034901079327957244}"
141240029,958,958,"{'casas_unicas': 754.2092399651872, 'casas_compartidas_duplex': 199.70257940598665, 'departamentos': 0.9437688595142071, 'otras_viviendas': 3.1357305216385916}","{'casas_unicas': 0.7872747807569803, 'casas_compartidas_duplex': 0.20845780731313848, 'departamentos': 0.0009851449473008424, 'otras_viviendas': 0.003273205137409803}"
141240033,1175,1173,"{'casas_unicas': 922.9908737101307, 'casas_compartidas_duplex': 244.43850270012757, 'departamentos': 1.617877450194305, 'otras_viviendas': 5.834223462663673}","{'casas_unicas': 0.7855241478384091, 'casas_compartidas_duplex': 0.2080327682554277, 'departamentos': 0.0013769169788887701, 'otras_viviendas': 0.004965296563969083}"
141240048,154,154,"{'casas_unicas': 118.05782151443623, 'casas_compartidas_duplex': 35.110936513249484, 'departamentos': 0.29606733915163996, 'otras_viviendas': 0.5351980121166796}","{'casas_unicas': 0.7666092306132223, 'casas_compartidas_duplex': 0.22799309424187977, 'departamentos': 0.0019225151892963634, 'otras_viviendas': 0.003475311766991426}"
141240071,1066,1065,"{'casas_unicas': 812.8800981256886, 'casas_compartidas_duplex': 245.2910577636261, 'departamentos': 1.6431553473554388, 'otras_viviendas': 6.188846279608296}","{'casas_unicas': 0.7625516867970813, 'casas_compartidas_duplex': 0.23010418176700384, 'departamentos': 0.0015414215265998489, 'otras_viviendas': 0.005805671932090335}"
141240090,2428,2425,"{'casas_unicas': 1894.1730051405602, 'casas_compartidas_duplex': 521.2092896077736, 'departamentos': 3.18583443609001, 'otras_viviendas': 9.439118312165657}","{'casas_unicas': 0.7801371520348271, 'casas_compartidas_duplex': 0.2146660995089677, 'departamentos': 0.0013121229143698559, 'otras_viviendas': 0.003887610507481737}"
1412400940387,417,416,"{'casas_unicas': 323.923845166141, 'casas_compartidas_duplex': 90.86085485476099, 'departamentos': 0.6782541885721561, 'otras_viviendas': 1.536842519010579}","{'casas_unicas': 0.7767957917653262, 'casas_compartidas_duplex': 0.2178917382608177, 'departamentos': 0.0016265088454967772, 'otras_viviendas': 0.003685473666692036}"
1412400940391,408,408,"{'casas_unicas': 322.8595700582745, 'casas_compartidas_duplex': 83.76298866451069, 'departamentos': 0.8101360059873359, 'otras_viviendas': 0.567908771817247}","{'casas_unicas': 0.7913224756330258, 'casas_compartidas_duplex': 0.20530144280517326, 'departamentos': 0.001985627465655235, 'otras_viviendas': 0.0013919332642579583}"
1412401760160,716,716,"{'casas_unicas': 556.019834706959, 'casas_compartidas_duplex': 157.3467815365344, 'departamentos': 1.1089929241779803, 'otras_viviendas': 1.5674155888350716}","{'casas_unicas': 0.7765640149538534, 'casas_compartidas_duplex': 0.2197580747716961, 'departamentos': 0.0015488727991312574, 'otras_viviendas': 0.0021891279173674185}"
